chapter,page,text
,1,Most kids wonder about and have lots of questions about what will be happening to them as their bodies change and grow during this time.
,1,It’s perfectly normal for kids to be curious about and want to know about their changing and growing bodies.
,1,Most of the changes — but not all — that take place during this time make it possible for humans to make a baby and give birth to a baby.
,1,And making a baby has a lot to do with sex.
,1,"Sex is about a lot of things — bodies, growing up, families, babies, love, ­caring, curiosity, feelings, respect, responsibility, biology, and health."
,1,"There are times when sickness and danger can be a part of sex, too."
,1,Most kids wonder about and have lots of questions about sex.
,1,It’s also perfectly normal to want to know about sex.
,1,"You may wonder why it’s a good idea to learn some facts about bodies, about growing up, about sex, and about sexual health."
,1,"It’s important because these facts can help you stay healthy, take good care of yourself, and make good deci- sions about yourself as you are growing up and for the rest of your life."
,1,"Besides, learning about these things can be fascinating and fun."
1.0,2,What is it .
1.0,2,What is it all about?
1.0,2,These are questions lots of kids wonder about.
1.0,2,"You needn’t feel embarrassed or stupid if you don’t know the answers, because sex is not a simple matter."
1.0,2,"Sex is many things, and people have many differ­ent feelings and opinions about it."
1.0,2,"That’s why there is more than one answer to the question, What is sex?"
1.0,2,One way to ﬁnd out about sex is to ask some­one you know and trust.
1.0,2,"Remember, there are no stupid questions."
1.0,2,Another way to ﬁnd out about sex is to read about it.
1.0,2,"For example, you can look up the meaning of the word sex in the dictionary."
1.0,2,"Here is what one dictionary says under the word sex : Either of the two main groups, female or male, into which living things are placed."
1.0,2,People always want to know the sex of a new baby.
1.0,2,"So it’s no surprise that — even if the parent or parents knew the sex of the baby before birth — the moment a baby is born, someone always seems to shout out, “It’s a !” or “It’s a !”"
2.0,3,"And usually one of the ﬁrst questions kids ask when they hear that a new kid is joining their class is, “Is it a girl or a boy?” When people use the word sex in this way, they are usu- ally talking about what gender someone is — whether a person is female or male, a girl or a boy, a woman or a man."
2.0,3,Gender is another word for whether a person is male or female.
2.0,3,Gender is also about the thoughts and feelings a person has about being a female or about being a male.
2.0,3,"It says, Sexual reproduction."
2.0,3,Sex is also about repro­ duction — making babies.
2.0,3,"To reproduce means to “produce again,” or “make again.” Certain parts of our bodies make it possible for a male and a female, when their bodies have grown up, to reproduce — to make babies."
2.0,3,The parts of our bodies that make this pos- sible are called the reproductive organs.
2.0,3,Our bodies’ organs are the parts of our bodies that have special jobs to perform.
2.0,3,"For example, the heart is the organ whose special job is to pump blood."
2.0,3,"Scientists know that most organs inside our bodies, such as our hearts, our lungs, and our stomachs, are the same whether we are male or female."
2.0,3,One group of organs that is not the same for a female and a male is the reproductive organs.
2.0,3,People also call the reproduc- tive organs the sexual organs or the sex organs.
2.0,3,The female and male sex organs are designed to work in an amazingly inter- esting way.
2.0,3,They are different from each other because they have different jobs to do.
2.0,3,Both males and females have outer sex organs and inner sex organs.
2.0,3,Some are located between our legs and are on the outside of our bodies.
2.0,3,Some are tucked inside our bodies.
2.0,3,"The sex organs on the outside of a person’s body are often called the genitals, and the sex organs on the inside of a person’s body are called the reproductive organs."
3.0,4,"If you are female, your vagina and ovaries are two of your sex organs."
3.0,4,"If you are male, your penis and testicles are two of your sex organs."
3.0,4,"When the word sex is used in this way, people are talking either about the female and male sex organs or about making a new human being — making a baby."
3.0,4,"It says, Sexual desire."
3.0,4,"Sex is also about the desire to be physically close to someone, as close as you can be."
3.0,4,Do you ever really want or crave something?
3.0,4,"That’s desire, like when you really want someone to be your best friend or when you really want choco- late ice cream."
3.0,4,You don’t know why you want these things.
3.0,4,You don’t even think about why you want them.
3.0,4,You just want them.
3.0,4,These are simply feelings of wanting — of desire.
3.0,4,"Sexual desire is different from these desires — different from just wanting chocolate ice cream, or wanting someone to be your best friend, or even wanting to snuggle up to your mom or dad, a friend, a pet, or a stuffed animal."
3.0,4,Sexual desire means you feel attracted to someone in a very strong way .
3.0,4,You want to be as physically close to that person as you can be.
3.0,4,"Even though you may think about that person a lot, sexual desire is mostly the way you feel in your body about that person."
3.0,4,Your body may feel excited or warm or quivery or tingly.
3.0,4,And sometimes these feelings can be very strong.
3.0,5,"For lots of kids, part of sexual desire can be the fun of chasing and teasing or having a crush on someone."
3.0,5,"Often it’s hard to stop thinking about that person, and you may even think you are in love with him or her."
3.0,5,That’s called “having a crush” on someone.
3.0,5,Both girls and boys have crushes.
3.0,5,"They have crushes on people they know, as well as on people they don’t know — like TV stars, movie stars, rock stars, or sports stars."
3.0,5,"Boys and girls have crushes on people of the same sex, as well as on people of the opposite sex, on people who are the same age, older, or younger."
3.0,5,Having a crush on someone is perfectly normal.
3.0,5,The feelings and thoughts you may have about other people and their bodies can make you feel very excited.
3.0,5,Some people call this “feeling sexy.” Some of you are probably noticing the changes in your own bodies and the differences between your body and your friends’ bodies.
3.0,5,Sex can also be about the many new thoughts and feelings you may have about what’s happening to you and your body as you are growing up.
4.0,6,"It says, Sexual intercourse."
4.0,6,Sex also means sexual inter- course.
4.0,6,Some people call sexual intercourse “having sex.” Sexual intercourse happens when two people — a female and a male or two females or two males — feel very sexy and very attracted to each other and want to be very close to each other in a sexual way.
4.0,6,"When a female and a male are so close that the male’s penis goes inside the female’s vagina, the vagina stretches in a way that ﬁts around the penis."
4.0,6,"When this happens, it is possible for a female and a male — once their reproductive organs have grown up — to make a baby."
4.0,6,Most people don’t have ­sexual intercourse only when they want to have a baby.
4.0,6,"Most often, people have sexual ­intercourse because it feels good."
4.0,6,People have sexual inter- course well into old age.
4.0,6,People also call sexual inter- course “making love” or “love- making” because it’s a way of expressing love.
4.0,6,But sexual intercourse is only one way of expressing love.
4.0,6,"Hugging, cuddling, holding hands, kissing, and touching are other ways of expressing love."
4.0,6,"So is just being with someone you like a lot and telling that person, “I love you.”"
4.0,7,There are some things about sex and sexual intercourse that are important to know and remember: • It makes sense to wait to have sexual intercourse until you are old enough and responsible enough to make healthy decisions about sex.
4.0,7,But there are ways that people can help protect themselves from having a baby.
4.0,7,"However, there are ways in which people can help protect themselves from getting or passing on these infections."
4.0,7,So sex is a lot of things .
4.0,7,Sex is the desire to be very close to someone.
4.0,7,Sex is touching the sexual parts of the body.
4.0,7,Sex is intercourse.
4.0,7,Sex is making babies.
4.0,7,And sex is whether you are male or female.
4.0,7,Sometimes people use the word sexuality to talk about sex.
4.0,7,"When people use the word sexuality , they are usually ­talking about everything in our daily lives that makes us sexual human beings — our gender, our sexual feelings, thoughts, and desires, as well as any ­sexual contact, from sexual touching to sexual intercourse."
5.0,8,"A person who is straight is someone who is sexually attracted to people of the opposite sex, or, as some say, the other sex."
5.0,8,Heterosexual is another name for a straight person.
5.0,8,Heteros is the ancient Greek word for other .
5.0,8,"In a straight relationship, two people of opposite sexes — a male and a female — are attracted to, may fall in love with, or may have a sexual relationship with each other."
5.0,8,A person who is gay is someone who is sexually attracted to people of the same sex.
5.0,8,Homosexual is another name for a gay person.
5.0,8,Homos is the ancient Greek word for same .
5.0,8,"In a gay relationship, two people of the same sex — a male and a male, or a female and a female — are attracted to, may fall in love with, and may have a sexual relationship with each other."
5.0,8,A gay relationship between two females is also called a lesbian relationship.
5.0,8,The word lesbian began to be used in the late nineteenth century.
5.0,8,"It refers to the time, about 600 when the great female poet Sappho"
5.0,9,Sappho wrote about friendship and love between women.
5.0,9,The ancient Greeks thought that love between two men was the highest form of love.
5.0,9,"In the ancient Greek city-state of Sparta, in about 1000 it was hoped that male lovers would be in the same army regiment."
5.0,9,"People thought that if a warrior was in the same regi- ment as his lover, he would fight harder in order to impress him."
5.0,9,The Spartan army was one of the most powerful and feared armies in ancient Greece.
5.0,9,A person who is bi­sexual is someone who is sexually attracted to people of the opposite sex and sexually attracted to people of the same sex.
5.0,9,"Someone who is bi­sexual is attracted to, may fall in love with, and may have a sexual relationship with both males and females."
5.0,9,Bi means two and is also the ancient Greek word for two .
5.0,9,"There have been gay and bi­sexual relationships all through history, even before ancient Greece."
5.0,9,How people feel and think about homo­ sexuality and bi­sexuality has a lot to do with the culture and the times in which they live.
5.0,9,"Scientists do not completely understand or agree on why one person is straight, why another person is gay, or why another person is bi­sexual."
5.0,9,"In fact, there may be more than one reason."
5.0,9,"But most scientists believe that being gay, or straight, or bi­sexual is not something you choose — just as you cannot choose what skin color you were born with or whether you were born male or female."
5.0,9,"They believe that a person is born with traits — with the biological makeup — that make him or her develop into a straight person, or gay person, or bi­sexual person."
5.0,9,"Sometimes as kids are growing up, boys become curious about other boys and girls become curious about"
5.0,10,They may even look at and even touch each other’s bodies.
5.0,10,"This is a normal kind of exploring and does not have anything to do with whether a girl or boy is or will be straight, gay, lesbian, or bi­sexual."
5.0,10,"Dreaming about or having a crush on a person of the same sex also does not necessarily mean that a girl or a boy is or will be straight, gay, or lesbian, or bi­sexual."
5.0,10,Many people use the term LGBT.
5.0,10,"These initials — L for lesbian, G for gay, B for bi­sexual, and T for trans­gender — are a way of referring to people who are lesbian, gay, bi­sexual, or trans­gender."
5.0,10,Transgender is a word that has to do with gender.
5.0,10,Trans is the Latin word for across .
5.0,10,Gender is another word for whether a person is a female or a male.
5.0,10,Gender is also about the thoughts and feelings a person has about being a female or about being a male.
5.0,10,"A trans- gender person is someone who crosses from the gender that person was born with to the opposite gender, or as some say, to the other gender."
5.0,10,"This means that a person who was born with a male body, but feels, acts, and knows he is a female — or a person who was born a with a female body, but feels, acts, and knows she is a male — is a trans­gender person."
5.0,10,Some may feel this way all of the time and will feel this way throughout their lives.
5.0,10,Others may feel this way for only a few months or a few years.
5.0,10,And some may feel that sometimes they are one gender and other times they are the other gender.
5.0,10,People who feel this way may change the way they dress or their name to reflect the gender they believe they really are.
5.0,10,"They may also ask to be called “he” instead of “she” or “she” instead of “he.” Transgender people can be straight, or lesbian, or gay, or bi­sexual."
5.0,10,"There are some who dis­ approve of people who are gay, lesbian, bi­sexual, or trans­ gender or call them offensive names, or tease, bully, or even hate them, or not want to be with them, only because a person is lesbian, gay, bi­sexual, or trans­gender."
5.0,10,Some also feel that LGBT people should not
5.0,11,They may feel this way because they think LGBT people are different from them or that gay relationships are wrong.
5.0,11,"These people’s views are based on fears or misinformation, not on facts."
5.0,11,People are often afraid of people they know little or nothing about or who are dif- ferent from them in some ways.
5.0,11,"If a person has any ques- tions, thoughts, or concerns about his or her sexual feelings or gender, talking to someone you know and trust — a parent, relative, therapist, doctor, nurse, teacher, or clergy member — can be helpful."
5.0,11,"No matter what some people may think, it’s always important for every person to remember to treat all people with respect."
5.0,11,"And it’s important to know that a person’s daily life — making a home, having friends and fun, working, being in love, being single, being a partner, being married, raising children — is mostly the same whether he or she is straight, gay, bi­sexual, or trans­gender."
7.0,16,The whole area of soft skin between a female’s legs is called the vulva.
7.0,16,"The word vulva comes from the Latin word volva, which means covering ."
7.0,16,"The vulva covers the clitoris, the opening to the vagina, the opening to the urethra, and the labia."
7.0,16,The labia are two sets of soft folds of skin inside the vulva.
7.0,16,"They cover the inner parts of the vulva — the clitoris, the opening to the urethra, and the opening to the vagina."
7.0,16,Labia is the Latin word for lips.
7.0,16,The clitoris is a small mound of skin about the size of a pea.
7.0,16,"When the clitoris is touched and rubbed, a female’s body feels good both outside and inside."
7.0,16,"It feels kind of tingly, kind of warm and nice."
7.0,16,It feels sexy.
7.0,17,The opening to the urethra is quite small.
7.0,17,The urethra is not one of the female’s sex organs.
7.0,17,It is a tube through which urine — liquid waste — leaves the body.
7.0,17,The vagina is a passageway between the uterus — a sex organ inside the female body — and the outside of the female body.
7.0,17,The opening to the vagina is bigger than the opening to the urethra.
7.0,17,The anus is a small opening through which feces — solid waste — leave a female’s body.
7.0,17,"In all, from front to back, there are three openings between a female’s legs: the opening to her urethra, the opening to her vagina, and her anus."
7.0,17,"If a girl or woman is curious about what these open- ings look like, she can hold a mirror between her legs and take a look."
7.0,18,"If you could actually look inside the female body and see the female’s inner sex organs, you would see two ovaries, two Fallopian tubes, the uterus, and the vagina."
7.0,18,The two ovaries — one on each side of the uterus — are about the size of large strawberries.
7.0,18,The ovaries contain a female’s sex cells — also called eggs or ova.
7.0,18,A single egg is called an ovum.
7.0,18,The two Fallopian tubes are passageways through which an egg travels on its way to the uterus.
7.0,18,One end of each tube almost touches an ovary.
7.0,18,The other end of each tube is con- nected to the uterus.
7.0,18,Each tube is about three inches long and the width of a drinking straw.
7.0,18,The uterus is made of strong muscles and is hollow inside.
7.0,18,It is about the size and shape of a small upside-down pear and is connected to both Fallopian tubes and the inside end of the vagina.
7.0,18,The cervix is a small opening located in the lower part of the uterus.
7.0,18,It connects the uterus to the top of the vagina.
7.0,18,This opening stretches wide when it’s time for a baby to be born.
7.0,18,The vagina is the passageway from the uterus to the outside of the female body.
8.0,19,"The penis is made of soft, spongy tissue and blood vessels."
8.0,19,Urine — liquid waste — leaves a male’s body through a small opening at the tip of his penis.
8.0,19,The end of the penis is called the glans.
8.0,19,"When the penis is touched and rubbed, a male’s body feels good both outside and inside — kind of tingly, kind of warm and nice."
8.0,19,It feels sexy.
8.0,19,"All males are born with some loose skin covering the end of the penis, called the foreskin."
8.0,19,"Some male babies have their foreskins removed a few days after they are born, by a doctor or a specially trained religious person."
8.0,19,This is called circumcision.
8.0,19,"Although a cir­ cumcised penis looks different from an uncircumcised penis, both work in the same way and equally well."
8.0,20,"The scrotum is the soft sac of wrinkly skin that covers, holds, and protects the two plum- shaped testicles."
8.0,20,The anus is a small opening through which feces — solid waste — leave a male’s body.
8.0,20,"In all, from front to back, there are two openings between a male’s legs: the small opening at the tip of his penis and his anus."
8.0,20,"If you could actually look inside the male body and see the male’s inner sex organs, you would see two testicles and a series of tubes and glands that are connected to each other."
8.0,20,The two testicles are soft and squishy and are covered and protected by the scrotum.
8.0,20,Usually one testicle hangs lower than the other.
8.0,20,Before puberty each testicle is about the size of a marble.
8.0,20,"During puberty, each testicle grows to about the size of a walnut or a very small ball."
8.0,20,That’s why they are often called “nuts” or “balls.”
8.0,21,Each testicle is connected to its own small tubelike structure called the epididymis.
8.0,21,Sperm travel through and “grow up” in the epididymis on their way to the vas deferens.
8.0,21,Each epididymis is shaped like head- phones but is much smaller.
8.0,21,The two vas deferens are each about a foot and a half long.
8.0,21,"Each of these long, narrow, ﬂexible, and fairly straight tubes starts at the epididymis and winds all the way to the urethra."
8.0,21,The two vas deferens are about as ﬂexible as strands of cooked spaghetti.
8.0,21,The two seminal vesicles and the prostate gland produce ﬂuids that combine with the sperm to form a mixture called semen.
8.0,21,Semen is the Latin word for seed.
8.0,21,The sperm then travel along in the ﬂuids to and through the urethra.
8.0,21,"The urethra is a long, narrow tube that carries urine — liquid waste — from the bladder, where it is stored, to the penis and out through the opening at its tip."
8.0,21,It is also the passageway through which semen leaves the male body.
9.0,22,Some are scientiﬁc words.
9.0,22,"Some are unscientific — the common, every- ­day words that people use to talk about bodies and sex."
9.0,22,"Some of these words are nice, some are funny, and some are rude."
9.0,22,Everyday words are often called slang words.
9.0,22,Rude and disrespectful words about sex and parts of the body are often called “dirty words.” Jokes about bodies and sex are some- times called “dirty jokes.” Some people think it’s fun to use slang or dirty words and to joke about bodies and sex.
9.0,22,Others feel embarrassed or uncomfortable when they hear these words.
9.0,22,"It’s important to respect people’s feelings about slang, dirty words, or dirty jokes, whatever those feelings may be."
9.0,22,"Perhaps people feel uncom- fortable talking about sex and bodies because we do not see our sexual body parts as much as we see our arms, legs, ﬁngers, toes, ears, eyes, and noses."
9.0,22,"After all, our sexual body parts are usually covered by clothes."
9.0,22,Some people think it’s wrong to think and talk or joke about bodies and sex.
9.0,22,"But many people think it can be com- forting and helpful to talk or even joke about sex and bodies with someone you know and trust like a friend, a parent, an older brother or sister, or a cousin."
10.0,24,They change because everything that’s alive grows and changes.
10.0,24,There is a time when girls and boys do more than just grow taller and bigger as they have done since birth.
10.0,24,Girls start to grow into young women sometime between the ages of eight or nine and ﬁfteen.
10.0,24,Boys start to grow into young men sometime between the ages of nine or ten and ﬁfteen.
10.0,24,Puberty is one of the names given to this span of time.
10.0,24,"The word puberty comes from the Latin word pubertas, which means grown-up or adult ."
10.0,24,"When people use the word puberty, they are usually talking about all the physical changes that"
10.0,25,Most of these changes make it physically possible for a female and a male to make a baby.
10.0,25,The other word that is used to describe the span of time between childhood and adult- hood is ­ adolescence .
10.0,25,"The word adolescence comes from the Latin word ­ adolescere, which means to grow up ."
10.0,25,"When people use the word adolescence, they are usually talking not only about the physical changes that take place during puberty, but also about all the new thoughts, feelings, relationships, and responsibilities kids have as they become young adults."
10.0,25,"Even though the words adoles- cence and puberty have somewhat different meanings, people often use them interchangeably."
10.0,25,"Puberty, or adolescence, is an in-between time — when a boy or girl is not a child any- more but is not yet an adult."
10.0,25,Girls often start puberty when they are nine or ten or eleven years old.
10.0,25,Boys often start puberty a year or so later — when they are ten or eleven or twelve.
10.0,25,"For most kids, puberty takes place over a stretch of time — over a few years."
10.0,25,This usually gives kids time to get used to their adult bodies.
10.0,25,The many changes that take place in our bodies during puberty are caused by hormones.
10.0,25,Hormones are chem- icals that are produced in many different places in our bodies.
10.0,25,Hormones travel through the body’s bloodstream from the place where they are made to other places in the body where they do their work.
10.0,25,"The word hormone comes from the Greek word hormon, meaning to set in motion — to start something working."
10.0,25,There are many kinds of hormones in our bodies.
10.0,26,"During puberty, the brain begins to manufacture special hormones."
10.0,26,These hormones send a message to the sex organs — a boy’s testicles or a girl’s ovaries — that tells them to start working — to start producing sex hormones.
10.0,26,The sex hormones in the male body then instruct the testicles to make sperm.
10.0,26,The sex hormones in the female body then instruct the ovaries to send out an egg.
10.0,26,It is the sex hormones that cause the changes that make children’s bodies grow into adult bodies.
10.0,26,Only then is it possible for humans to have babies.
10.0,26,"Once the sex hormones start working, puberty begins."
10.0,26,Some sex hormones cause changes to take place in and around boys’ and girls’ sex organs.
10.0,26,Others cause changes to take place throughout their bodies.
10.0,26,Sex hormones can also affect girls’ and boys’ feelings and moods.
10.0,26,"Many cultures, religions, communities, and families mark the beginning of puberty for a boy or girl with a celebration or ceremony."
10.0,26,They view puberty as a special part of growing up.
10.0,26,Others choose to let a boy or girl enter puberty without a celebration or ceremony.
10.0,26,They view puberty simply as a reg- ular and ordinary part of growing up.
11.0,27,And the ovaries do just that.
11.0,27,They begin to produce the hor- mones estrogen and progesterone.
11.0,27,"Estrogen tells the eggs, which have been in a girl’s ovaries since birth, to grow up."
11.0,27,Usually only one egg grows up at a time.
11.0,27,"When the eggs grow up, the ovaries do something they’ve never done before."
11.0,27,"About once a month, they release a single grown-up egg."
11.0,27,An egg is about the size of a grain of sand.
11.0,27,Eggs are female sex cells.
11.0,27,A girl’s ovaries usually begin releasing eggs during puberty.
11.0,27,"In her life, she will release about four hundred to ﬁve hundred eggs."
11.0,27,The release of an egg is called ovulation.
11.0,27,"The word ovulation comes from the Latin word ovum, meaning egg."
11.0,27,"At about the same time every month, when an egg is released from one of the ovaries, it is swept by tiny ﬁngerlike projections into one of the Fallopian tubes, where it begins its travels to the uterus."
11.0,27,The Fallopian tube is the place where an egg can meet and unite with a sperm.
11.0,27,"Once an egg has united with a sperm, they become the beginning cell of a baby."
11.0,27,The uniting of an egg cell and a sperm cell is called conception or fertilization.
11.0,27,"The fertilized egg continues to travel through the Fallopian tube and into the uterus, where the female sex hormone proges- terone has helped to create a soft lining that is ready to receive it."
11.0,27,The fertilized egg then plants itself in the lining of the uterus.
11.0,27,"This soft, thick, cozy lining is made of extra blood vessels, tissue, and other ﬂuids and is created so that the fertilized egg will have a healthy place to grow."
11.0,27,"If the egg has been fertilized, it will usually plant itself in the uterus and stay there — and grow into a baby."
11.0,27,"However, most of the time, the egg is not fertilized."
11.0,27,"If the egg does not unite with a sperm within about twenty-four to thirty-six hours after leaving an ovary, it does not stay in the uterus and does not go on to develop into a baby."
11.0,27,"Instead, the egg breaks down while it is in the uterus and mixes with some of the extra blood and ﬂuid in the soft lining of the uterus."
11.0,27,"Since there is no fertilized egg starting to grow in the uterus, this soft lining is not needed and dissolves."
11.0,27,"It then passes out of the uterus, through the vagina, and out of the body in the form of a small amount of blood, other ﬂuids, and tissue."
11.0,27,The lining’s monthly passing out of the uterus and the vagina is called menstruation.
11.0,27,"The word menstruation comes from the Latin word mensis, which means month ."
11.0,28,"At puberty the brain tells the ovaries to produce estrogen, which tells the eggs to mature."
11.0,28,"And then, about once a month, an egg leaves an ovary and pops into a Fallopian tube, where it waits before traveling to the uterus."
11.0,28,"In the uterus, the egg and lining dissolve and leave."
11.0,28,Next month .
11.0,29,The period of time from the beginning of one menstruation to the next is about a month long and is called the menstrual cycle.
11.0,29,Girls usually start to men- struate after their ovaries have begun to release eggs.
11.0,29,"As soon as a girl’s ovaries have begun to release eggs, she can become pregnant if she has had sexual intercourse."
11.0,29,But some girls may begin to release eggs even before they start to menstruate.
11.0,29,"This means that it is possible, although quite rare, for a girl to become pregnant before she has started to menstruate."
11.0,29,Girls usually start to menstruate at the age of eleven or twelve.
11.0,29,"But some start as early as age nine and others start as late as age ﬁfteen, and that’s perfectly normal."
11.0,29,"The very ﬁrst time a girl menstruates, she may worry that a large amount of blood will suddenly ﬂow out."
11.0,29,"In fact, the blood usually comes out slowly."
11.0,29,Only a few tablespoonfuls to about half a cup of blood and ­tissue dribble out during each menstruation.
11.0,29,"But the amount can be more or less, and that’s also perfectly normal."
11.0,29,This dribbling continues over a period of a few days.
11.0,29,"That’s why people call menstruation a menstrual period or “having your period.” Other kids call menstruation “my friend,” “that time of the month,” or “the curse.” No matter what people call it, menstruation is a healthy ­occurrence."
11.0,29,A period usually lasts about three to eight days.
11.0,29,"When a girl ﬁrst starts to menstruate, her ­periods often come irreglarly — sometimes a few weeks apart, sometimes many weeks apart."
11.0,29,It can often take up to one or two years for a girl’s period to occur on a regular schedule — about once a month.
11.0,29,Some girls’ and women’s periods never become very regular.
11.0,29,"If that happens, it’s a good idea to check with a nurse or doctor — just to make sure it’s normal for you."
11.0,29,Most girls and women ­continue their regular activities during ­menstruation.
11.0,29,"For example, they bathe, shower, swim, play sports, dance, and do whatever they ­normally like to do."
11.0,29,"Some girls and women do get cramps — usually slight, tight pains around the area of the uterus — before and during their periods."
11.0,29,Most cramps are normal.
11.0,29,"When girls and women travel, play sports vigorously, lose or gain a lot of weight, or become upset or ill, their periods can become irregular for a while."
11.0,29,"And when a fem­ale becomes pregnant, her periods stop until after the baby is born."
11.0,29,"When women are about ﬁfty years old, their bodies start to make fewer sex hormones."
11.0,29,"As a result, their ovaries stop releasing eggs, and they stop menstruating."
11.0,29,This period of time in a woman’s life is called menopause — the pausing and stopping of menstruation.
11.0,29,"When a woman stops having menstrual periods, she is no longer able to become pregnant."
11.0,29,"During a menstrual period, a girl or woman uses pads or tampons to absorb the men- strual ﬂow that passes out of her vagina so it will not leak on her underpants or other clothes."
11.0,29,She can use which­ever is more comfortable.
11.0,29,Pads are also called sanitary ­napkins.
11.0,29,Sanitary means clean.
11.0,30,"Pads and tampons are made of a clean, soft, cottonlike material and absorb the menstrual ﬂow."
11.0,30,"A pad ﬁts on the inside of a girl’s or woman’s underpants, just out- side the opening to her vagina."
11.0,30,Most pads come with a small piece of adhesive tape on one side that keeps the pad in place.
11.0,30,Tampons ﬁt inside the vagina.
11.0,30,A tampon cannot move into the uterus because the cervix is too small an opening for a tampon to pass through.
11.0,30,One way a girl can ﬁnd out when she might get her ﬁrst period is to ask her mother.
11.0,30,"If her mother started menstruating early, there’s a good chance she may start early too."
11.0,30,"If her mother started later, there’s a good chance that she may start later."
11.0,30,"Talking to someone about menstruation — one’s mother or grandmother or aunt, or an older friend or cousin — can be ­helpful."
11.0,30,A girl can ﬁnd out many
11.0,31,This kind of information can help prepare a girl for her ﬁrst period — whether it starts when she is at home or out with friends or in school.
11.0,31,She may also want to carry a pad or tampon in her purse or back­ pack in case she gets her ﬁrst period when she is not at home.
11.0,31,"No matter how well prepared she is, a girl’s ﬁrst period usually comes as somewhat of a surprise."
11.0,31,"For some girls, it may feel quite exciting; for others, a bit scary."
11.0,31,"But no matter how a girl feels, starting to menstruate is a ­perfectly normal and natural part of growing up."
11.0,31,Most girls feel that starting to menstruate is one of the biggest changes of puberty.
12.0,32,And the testicles do just that.
12.0,32,"They begin to produce testosterone, which causes the male body to grow and change in many new ways."
12.0,32,One of the most important things testosterone does is instruct the testicles to begin to make sperm — something the testicles have never done before.
12.0,32,Sperm are male sex cells.
12.0,32,"Unlike girls, boys do not start making sex cells until they reach puberty."
12.0,32,"Starting at puberty, however, the testicles make a phenomenal number of sperm — about one hundred million to three hundred million sperm per day."
12.0,32,That’s anywhere from about one thousand to three thousand sperm every second.
12.0,32,"The scrotum protects the testicles by keeping them at the right temperature to make sperm, not too cold and not too hot, just a few degrees below the body’s temperature."
12.0,32,"If it is too cold, the scrotum pulls up the testicles closer to the body to keep them warm enough to make sperm."
12.0,32,"When a man or boy is swimming in cold water, he can often feel his scrotum tighten as it pulls up his testicles."
12.0,32,"If it is too hot, the scrotum hangs down loosely, away from the body, again keeping the testicles at just the right temperature to make sperm."
12.0,32,"After sperm are produced, the sperm from the right testicle travel through the right epididymis, and the sperm from the left testicle travel through the left epididymis."
12.0,32,"As they travel, the sperm grow up enough to be able to fertilize — to unite with — a female’s egg."
12.0,32,Sperm travel through the vas deferens and pass by the seminal vesicles.
12.0,32,"As sperm pass by, they mix with ﬂuid from the seminal vesicles and the prostate gland."
12.0,32,The mixture of sperm and ﬂuid is now called semen.
12.0,32,"Semen is sticky, cloudy, and whitish."
12.0,32,"Chemicals in it keep the sperm healthy as they travel into the urethra, through it, and out the tip of the penis."
12.0,32,Sperm leave the male body when a male ejaculates semen.
12.0,32,To ejaculate means to suddenly release or to let go .
12.0,32,"When a male ejaculates, his penis is usually erect."
12.0,32,Here’s what happens inside a male’s body when he has an erection: When his penis is not
12.0,33,At puberty the brain tells the testicles to produce testosterone and sperm.
12.0,33,"Sperm travel to the epididymis, where they mature and travel through the vas deferens, past the seminal vesicles and prostate gland, through the urethra, and are spurted out the tip of the penis."
12.0,34,"But when he has an erection, the muscles that allow blood to ﬂow in and out of his penis open wide and allow more blood to be pumped in, while other muscles tighten and keep the extra amount of blood from leaving the penis."
12.0,34,"This causes the spongy tissue inside the penis to ﬁll up, which in turn makes the penis become stiff, erect, and stand out from the body."
12.0,34,This ﬁlling up is called an erection.
12.0,34,"When the erection is over, the muscles relax and allow the blood to ﬂow back out of the penis and into the body again."
12.0,34,And the penis becomes soft again.
12.0,34,"A male can have an erection when his penis is touched and rubbed; when he has pleasurable thoughts or sees someone who makes him feel happy, excited, sexy, or nervous; when he is watching a movie or TV show or video or reads or sees some- thing online that excites him; when someone attractive to him walks by; or when he is having a pleasurable dream."
12.0,34,Males often have erections when they wake up.
12.0,34,"If a male’s bladder — the place where urine is stored in his body — is full, the full bladder excites some nerves at the base of his penis, which causes more blood to ﬂow into the penis."
12.0,34,This kind of erection has little to do with sexy thoughts and feelings.
12.0,34,Males usually have erections before and during sexual inter- course.
12.0,34,An erection makes it possible for the penis to enter the vagina.
12.0,34,"Sometimes males have erections for no apparent reason, even when they don’t want to have them."
12.0,34,Some people call an erection a “hard-on” or “boner” even though there are no bones in the penis.
12.0,34,"Erections usually last a few seconds, to a few minutes, to a half-hour, or more."
12.0,34,Males can have erections from the time they are little babies until they are old men — even while they sleep.
12.0,34,"Here’s what happens inside a male’s body when he has an ejaculation: Muscles in each epididymis, in each vas deferens, and in the seminal vesicles, along with muscles around the prostate gland, tighten and push the semen into the urethra."
12.0,34,"The semen, which contains sperm, travels through the urethra and spurts out through the tip of the penis."
12.0,34,This spurting out of semen — ejaculation — causes a feeling of excitement called an orgasm.
12.0,35,"During ejaculation, muscles tighten so that urine does not leave the penis at the same time as semen."
12.0,35,"After ejaculation, the penis becomes soft again and is no longer erect."
12.0,35,There are usually about two to ﬁve hundred million sperm spurted out in a single ejaculation — about a teaspoon­ ful of semen.
12.0,35,Males can and do have erections without ejaculating any semen.
12.0,35,"When this happens, the blood leaves the penis slowly and returns to the body’s bloodstream, the erection slowly goes away, and the penis becomes soft again and hangs down as usual."
12.0,35,"It is possible, although this does not happen often, for a male to ejaculate without having an erection."
12.0,35,Boys start to be able to ejac- ulate during puberty and continue into old age.
12.0,35,Ejaculation usually occurs during sexual intercourse.
12.0,35,It can also occur ­during other kinds of sexual touching and excitement and even during sleep.
12.0,35,Boys usually start having “wet dreams” at puberty.
12.0,35,"Wet dreams occur during sleep when a boy is having a pleasurable, exciting, or sexy dream and ejaculates some semen."
12.0,35,"When the boy wakes up, his pajamas or sheets may be wet and sticky from the ejaculated semen."
12.0,35,The scientiﬁc term for a wet dream is nocturnal emission.
12.0,35,Nocturnal means occurring at night .
12.0,35,"Emission means a release, a letting go."
12.0,35,Wet dreams are usual and ­normal events for boys.
12.0,35,A boy’s ﬁrst ejaculation often happens during a dream.
12.0,35,"Once a male has begun to ­produce sperm, if just one of his sperm unites with an egg during sexual intercourse, the female can become pregnant and the united cell can grow and develop into a baby."
12.0,35,Many boys feel that starting to ejaculate is one of the biggest changes of puberty.
13.0,36,All these changes do not take place at once.
13.0,36,Most of them happen slowly over a few years’ time; a few happen quickly.
13.0,36,"And they often, although not always, take place in a somewhat speciﬁc order."
13.0,36,Body begins to look more curvy.
13.0,37,"At this age, kids’ bodies change more dramatically and rapidly than at any other time in their lives — except for the very ﬁrst year of life."
14.0,38,This means that kids have to learn some new ways to take care of their bodies.
14.0,38,Girls and boys grow more hair during puberty.
14.0,38,They grow hair under their arms.
14.0,38,The hair on their arms and legs grows thicker and longer — especially boys’ hair.
14.0,38,"Hair called pubic hair also grows — for a girl around her vulva, and for a boy around the base of his penis — directly in front of a bone called the pubic bone."
14.0,38,"The amount of hair that grows on boys’ faces, chests, arms, and legs during puberty varies greatly, from hardly any to a lot."
14.0,38,Some boys and girls start shaving during puberty.
14.0,38,"For most, shaving is a choice."
14.0,38,"Some females choose to shave the hair that grows under their arms and on their legs, and some don’t."
14.0,38,"Some males choose to shave their beards and mustaches, and some don’t."
14.0,38,"However, some religious groups require that their boys and men not use a razor or scissors to cut their hair."
14.0,38,"During puberty, a person’s sweat glands produce more sweat than before."
14.0,38,"Both boys and girls start to sweat under their arms and develop a new kind of body odor, sometimes from under their arms, some- times from their feet, and sometimes from all over their bodies."
14.0,38,That’s one of the reasons kids going through puberty take a lot of baths or showers and wash their bodies and hair a lot.
14.0,38,This new kind of sweating is often one of the ﬁrst signs that puberty is starting.
14.0,38,Washing with soap and using a deodorant can help get rid of most strong body odors.
14.0,38,Some kids sweat a lot.
14.0,38,Some kids sweat a little.
14.0,38,It is likely that you will sweat about the same amount as your father or mother did while he or she was going through puberty.
14.0,38,Some kids’ hair becomes oily during puberty.
14.0,38,Often some oiliness also begins to appear on kids’ noses and foreheads.
14.0,39,"During puberty, most boys and girls develop pimples on their faces — mostly on their noses and foreheads."
14.0,39,"Sometimes, kids develop pimples on their backs and chests."
14.0,39,"Many kids call pimples “zits.” Although careful washing with soap and water is a good way to care for the skin, some- times it is not enough."
14.0,39,Creams and medicines can help control pimples.
14.0,39,Some creams and medicines can be purchased directly at a drugstore without a doctor’s written prescription; others need to be prescribed by a doctor and then purchased from a pharmacist or online.
14.0,39,"Though it’s true that no one likes having pimples, having them is perfectly normal."
14.0,39,Kids develop pimples and/or oily hair and sweat more during puberty because their oil and sweat glands are more active than ever before.
14.0,39,"Puberty is the time when many girls, if they choose to, start to wear bras."
14.0,39,Bra is short for the word brassiere.
14.0,39,"A girl often goes with her mother, grandmother, older sister, aunt, or a friend to buy her ﬁrst bra."
14.0,39,It is not necessary to wear a bra to keep breasts healthy.
14.0,39,Girls and women who wear bras do so because they feel more comfortable wearing them.
14.0,39,Some wear a bra only when they are exercising or playing a sport.
14.0,39,"Others wear one all the time, except when sleeping."
14.0,39,Still others never wear a bra at all.
14.0,39,"No matter what size breasts a girl or woman has, she can buy a bra that ﬁts her."
14.0,39,Bras are made with different size cups in order to support various breast sizes.
14.0,39,Many boys and men wear jockstraps when playing sports.
14.0,39,"A jockstrap ﬁts over the testicles and penis, keeping them in place and protecting them from bruises or injuries."
14.0,39,"When playing some contact sports such as football or hockey or lacrosse, a male can slip a plastic cup, called an athletic cup, into the front of his jockstrap to provide even more protection for his testicles and penis."
14.0,39,Athletic cups also come in various sizes.
14.0,39,Kids’ bodies change in so many ways during puberty that taking care of them can at times be a chore.
14.0,39,"However, eating healthy foods, exercising and keeping ﬁt, keeping clean, and getting enough sleep can help a boy or girl feel healthy and good about all the growing and changing that go on."
15.0,40,Many kids ﬁnd these changes exciting and feel great about their bodies.
15.0,40,And just as many ﬁnd these changes overwhelming and feel shy or embarrassed about their changing bodies.
15.0,40,"Most kids, at one time or another during puberty, feel confused, uncomfortable, and even scared by these big and sometimes rapid changes."
15.0,40,Kids often wonder about the size of individual body parts.
15.0,40,"The truth is — whether small, medium, or large — the size of a person’s body parts has nothing to do with how well they work."
15.0,40,It is also true that different kids’ bodies develop in different ways.
15.0,40,"Some girls develop small breasts, others develop medium-­ sized breasts, and still others develop large breasts."
15.0,40,"Some boys develop small penises, others develop medium-­sized penises, and still other develop large penises."
15.0,40,Breasts and penises come in all sorts of sizes.
15.0,40,"A girl who develops small breasts may resemble her mother, grandmother, or another female relative."
15.0,40,"And a boy who develops little body hair may resemble his father, grandfather, or another male relative."
15.0,40,The size of any part of a person’s body is mostly inherited from a person’s family.
15.0,40,The age when a boy or girl begins puberty is often the same as it was for a close family member of the same sex.
15.0,41,You might ﬁnd some clues about how you may develop.
15.0,41,"Kids often wonder whether it matters if their bodies go through puberty slow or fast, early or late, or ﬁrst or last."
15.0,41,"When your body changes, or how fast or slowly your body changes, has nothing to do with how your body will look and perform."
15.0,41,"Even so, among one’s friends or in one’s class, it can be hard to be the ﬁrst or last girl who menstruates, or the ﬁrst or last boy whose voice changes; or the ﬁrst or last girl to wear a bra, or the ﬁrst or last boy to shave; or the shortest kid one year and the tallest the next year."
15.0,41,"Unfortunately, kids tease other kids about the ways their bodies look and grow during puberty."
15.0,41,"A kid’s arms, hands, legs, and feet may grow longer and bigger before the rest of his or her body catches up."
15.0,41,Or a boy’s voice may crack right in the middle of a sentence.
15.0,41,Or a girl may develop a large pimple on her forehead just before going to a party.
15.0,41,Often these are the kinds of things kids are teased about as they go through puberty.
15.0,41,Many kids worry about their friendships during puberty — probably because puberty is a time when some kids start to have boyfriends or girlfriends.
15.0,41,"One of your friends, even your best friend, may begin to be interested in and sexually attracted to other kids, whereas you are not the least bit inter- ested."
15.0,41,One of your friends may start to have a boyfriend or girlfriend.
15.0,41,Or you may have a boyfriend or girlfriend when your best friend doesn’t.
15.0,42,Sometimes kids feel upset or jealous when a friend has a boyfriend or a girlfriend and starts spending time with that person.
15.0,42,"Although many old friendships stay strong during puberty, some friendships change."
15.0,42,Boyfriends and girl- friends are another thing kids are teased about during puberty.
15.0,42,"With all the different things that happen to their bodies during puberty, it’s no wonder both boys and girls have so many different feelings."
15.0,42,Kids can often feel moody or crabby or even teary and cry more than usual.
15.0,42,And their moods can change quickly.
15.0,42,A boy or girl may be laughing at one moment and feel like crying the next.
15.0,42,"These different feelings often swing back and forth and up and down, like a yo-yo."
15.0,42,The increased activity of the sex hormones is one of many factors that causes kids to have mood swings as well as new and strong feelings during puberty.
15.0,42,"As kids’ bodies change into grown-up bodies, kids are not always sure that they are ready to be grown-up."
15.0,42,Sometimes they want to be treated as kids.
15.0,42,Other times they want to be treated as adults.
15.0,42,Changing from a kid to an adult has its difﬁcult moments.
15.0,42,"But sooner or later, kids get used to, become comfortable with, and feel good about their more grown-up bodies."
16.0,43,"These feelings are often called sexual feelings or “feeling sexy.” Even though they are hard to describe, they are normal feel- ings."
16.0,43,They happen at different times and in different ways for different kids.
16.0,43,"Boys and girls, teenagers, and grown-ups too, experience sexy feelings when they masturbate."
16.0,43,Masturbation is touching or rubbing any of your body’s sex organs for pleasure — because it feels good.
16.0,43,One everyday term for masturbating is “playing with yourself.” Some people think that mas- turbation is wrong or harmful.
16.0,43,And some religions call mastur- bation a sin.
16.0,43,But masturbating cannot hurt you.
16.0,43,And it does not result in pregnancy or in getting or passing on infections that are spread through sexual contact.
16.0,43,Many people masturbate.
16.0,43,Whether you masturbate or not is your choice.
16.0,43,Masturbating is perfectly normal.
16.0,43,"When people masturbate, they usually rub their sex organs with their hands or with something soft, like a pillow."
16.0,44,A girl often rubs her clitoris; a boy often rubs his penis.
16.0,44,Both the clitoris and the penis are sensitive to touch.
16.0,44,"A person may have a warm, good, tingly, exciting feeling all through her or his body while masturbating."
16.0,44,This feeling can become more and more intense until it reaches a peak or climax.
16.0,44,"At that moment, a male may ejaculate; a female may feel strong, exciting sensations just in the area around her vulva or throughout her body."
16.0,44,A female may also feel some wetness in her vagina.
16.0,44,"For both females and males, this is called having an orgasm."
16.0,44,"Some people call it “coming.” After having an orgasm, a person usually feels quite content and relaxed."
16.0,44,"Usually, but not always, people have orgasms when they masturbate or when they have sexual intercourse."
16.0,44,Both boys and girls may also have orgasms during a dream.
16.0,44,People may have orgasms at some times and not at other times.
16.0,44,Not everyone has orgasms.
16.0,44,"Often when people mastur- bate, they daydream about someone or something happy or pleasurable or sexy."
16.0,44,"Some people become sexually excited without masturbating, just by looking at sexy pictures or by dreaming about or having fantasies about something pleasurable."
16.0,44,"People of all ages mastur- bate — babies, kids, teenagers, grown-ups, and the elderly."
16.0,44,"Girls and boys often start to masturbate at puberty, but many start before."
17.0,45,"There are kids whose mother and father live together, or whose mother and father live apart, or who have only one parent, or whose parent or parents have adopted them, or who live with a parent and a stepparent, or who live with an aunt, an uncle, a grandmother, a grandfather, or other relative, or who have gay or lesbian parents, or who have foster parents."
17.0,46,Grandparents and cousins and uncles and aunts are also part of a person’s family.
17.0,46,And some people feel that their good friends are part of their families too.
17.0,46,Most kids are loved and taken care of by family members and family friends.
17.0,46,Bringing a baby into this world is an important and exciting event.
17.0,46,Becoming a parent is one of the biggest changes that can happen to a person.
17.0,46,It brings with it all sorts of new and different responsibilities.
17.0,46,These responsibilities include taking good care of oneself as well as of one’s baby and family.
17.0,46,That’s why the decision about when to start a family is so important.
17.0,46,"Although it is physically possible for a girl and a boy to make a baby once the girl has started to menstruate (and in rare instances, even before) and once the boy has begun to produce sperm, it makes good sense for people to wait until they are ready and old enough to take on such big responsibilities."
17.0,46,Having a baby when a person is too young can be difﬁcult.
17.0,46,There are lots of reasons for this.
17.0,46,Babies of kids and young teenagers are often born weighing too little even after a full nine months in the uterus.
17.0,46,Babies who weigh too little are more likely to have health problems at birth and as they grow up.
17.0,47,"Parents often ﬁnd it hard to care for a baby, especially if they are still kids or young teenagers."
17.0,47,Kids or young teenagers who have a baby often lose the freedom to do what they want to do.
17.0,47,It’s hard to go out with friends or to get schoolwork done when a baby is around.
17.0,47,"Babies need a lot of attention, day in, day out, every day, every night."
17.0,47,Teenagers who have babies often drop out of school because they need to work.
17.0,47,"It costs a lot of money to buy food, clothes, toys, and medicine for a baby."
17.0,47,It’s often hard for teenagers to get a job to pay for these things.
17.0,47,And it costs a lot of money to pay someone else to take care of a baby while they go to school or to work.
17.0,47,"Babies are very special and mothers and fathers love their babies a lot, whether a parent is young or old or in between."
17.0,47,But it’s usually easier and healthier for kids and teenagers to wait until they are older to have a baby.
17.0,47,It gives the baby and the parents a better chance to have a healthy start together.
18.0,48,"When two sex cells — an egg and a sperm — unite into a single cell, they carry all the information required to make a new baby — a new human being."
18.0,48,This information is stored in more than one hundred thousand genes in the center of the cell.
18.0,48,Some scientists describe genes as little packages of instructions.
18.0,48,"Your genes helped to decide all sorts of things about you — whether you are female or male, the color of your eyes, the shape of your ears, the type and color of your hair, and the color of your skin."
18.0,48,"Your genes were passed on to you from both your parents, and through them from their parents, and through them from earlier generations on both sides of your family."
18.0,48,And many of your genes will be passed on to your children and grand­children.
18.0,48,"If you were adopted, your genes were passed on to you by the woman and man — called your “birth mother” and your “birth father” or your “birth parents”— whose egg and sperm joined together to make you."
18.0,48,Genes are made of DNA — a short name for a chemical called deoxyribonucleic acid.
18.0,48,"Genes are carried on long, threadlike strings of DNA called chromosomes."
18.0,48,A gene is a tiny part of a chromosome.
18.0,48,A chromosome is the part of each cell that carries a person’s genes.
18.0,48,"You might picture a chromosome as a string of beads, with each bead as a gene."
18.0,48,Cells in the human body usually have forty-six chromo- somes.
18.0,48,But each egg cell and each sperm cell carries only twenty-three chromosomes.
18.0,48,"If an egg and a sperm unite, the combined single cell has a grand total of forty-six chromosomes."
18.0,48,"That means half your chromo­somes, as well as half your DNA, comes from your mother and the other half comes from your father."
18.0,48,You received a combination of genes from both of them.
18.0,48,"While you are not an exact copy of either one of your parents, you probably do resemble each of them in some ways, but not in all ways."
18.0,49,"If two eggs leave the ovaries at the same time, and if each egg is fertilized by a separate sperm, ­fraternal, or non­identical, twins begin."
18.0,49,"Since fraternal twins do not have the same genes, they do not look exactly like each other and can be the same sex or the opposite sex."
18.0,49,Identical twins begin if a single egg splits into two after it has been fertilized.
18.0,49,"Since identical twins have the same genes, they are always the same sex and look almost exactly like each other."
18.0,49,"When two or more babies are born at the same birth — twins, triplets, and so on — it is called a multiple birth."
18.0,49,"Unless you are an identical twin, you are not an exact genetic copy of your brother or sister, because a different sperm and egg unite to form every new baby."
18.0,49,Each sperm and each egg carries a different combination of genes.
18.0,49,That’s why you can look somewhat different or very different from your sister or brother.
18.0,49,Scientists have discovered that a person’s gender — female or male — is determined the moment the egg and sperm unite.
18.0,49,Among the twenty-three chromosomes in each egg cell and each sperm cell is one sex chromosome.
18.0,49,There are two kinds of sex chromosomes — either an X or a Y.
18.0,49,All eggs carry an X chromosome and all sperm carry either an X or a Y chromosome.
18.0,49,"If an egg is fertilized by a sperm with a Y chromosome, the united single cell will develop into a baby boy — XY."
18.0,49,"And if an egg is fertilized by a sperm with an X chromosome, the united ­single cell will develop into a baby girl — XX."
18.0,49,Whether you are male or female was determined by which chromosome — an X or a Y — was in the sperm from your father that fertilized your mother’s egg.
18.0,49,The genes inside your body carry lots of information about you and determine many things — but not everything — about you.
18.0,49,"Where you are brought up and how you are brought up, including the kind of food you eat and the kind of exercise you get, as well as the people who are around you and the events that occur as you grow up, also help to shape many things about you."
18.0,49,That’s why no two people in the world — even identical twins — are exactly alike.
18.0,49,Each of us is unique.
19.0,50,"The very beginnings of a new human being — a baby — can form, immediately after sexual intercourse, if a sperm cell joins with an egg cell."
19.0,50,"Touching, caressing, kissing, and hugging — often called “making out” or “petting” — are other kinds of sharing that can make two people feel very close and loving and excited about one another."
19.0,50,People can and do become sexually excited without having sexual intercourse.
19.0,50,"Choosing to wait to have sexual intercourse until one is older or feels more responsible is called “post­ ponement.” Choosing not to have sexual intercourse is called “abstinence.” When two people feel they are too young to have sexual intercourse, do not know each other well enough, or do not want to have sexual intercourse for any other reason, they may decide just to hold hands, cuddle, dance, kiss, or make out."
19.0,51,Sharing between two people who care about each other always means having respect for each other’s feelings and wishes.
19.0,51,This includes respecting each other’s right to say “No!” to any kind of sexual activity — at any time and for any reason.
19.0,51,"Sexual intercourse usually begins with two people touching, caressing, kissing, and hugging each other."
19.0,51,"After a bit, the female’s vagina becomes moist and slippery, her clitoris becomes hard, and the male’s penis becomes erect, stiff, and larger."
19.0,51,Sometimes a bit of clear ﬂuid that may contain a few sperm comes out of the tip of the penis and makes it wet.
19.0,51,And the two people begin to feel excited about each other.
19.0,51,"When the two people are a male and a female, it is now possible for the male’s erect penis to go inside the female’s vagina, which stretches in a way that ﬁts around the penis."
19.0,51,The moisture from the vagina makes it easier for the penis to go in.
19.0,51,"This kind of sexual intercourse is called “vaginal intercourse.” It is also called “vaginal sex.” As the male and female move back and forth in rhythm, the movement of the penis inside the vagina soon feels very good."
19.0,51,The female and male may hug and kiss and touch each other even more as all of this is going on and feel more and more excited.
19.0,51,"When these feelings come to a climax, semen is ejaculated from the penis and spurts into the vagina, and the muscles in the vagina and uterus tighten and ﬁnally relax."
19.0,51,A small amount of ﬂuid may come out of the vagina.
19.0,51,This is called “having an orgasm.” A female and male may have orgasms at different times.
19.0,51,And sometimes one person has an orgasm and the other doesn’t.
19.0,51,"After an orgasm, most people feel relaxed, content, and sometimes even sleepy."
19.0,51,Every time a couple has vaginal intercourse it can result in a baby — unless the female is already pregnant.
19.0,51,People have a lot of mistaken ideas about how a girl or woman who has had vaginal intercourse can and cannot become pregnant.
19.0,51,It’s important to know that a girl or woman can become pregnant even if she is standing up during vaginal intercourse; even if it is the very ﬁrst time she has had vaginal intercourse; even if she has had vaginal intercourse only once; even if she thinks or feels she is
19.0,52,A girl or woman can also become pregnant even if the boy or man pulls out before he ejaculates.
19.0,52,If sperm are ejacu- lated close to the opening of the vagina — or even if just a few sperm spurt out before ejaculation — it is possible for them to swim up the vagina and join with an egg.
19.0,52,"This can also happen even when a female and a male do not have vaginal intercourse, if sperm are ejaculated close to the opening of the vagina."
19.0,52,Waiting to have sex until one is old enough to take good care of a baby makes good sense.
19.0,52,The surest way not to become pregnant is to abstain from — not have — vaginal sex.
19.0,52,"However, if a female and a male decide to have sexual intercourse, there are ways — called birth control — that can help protect them from becoming pregnant and having a baby."
19.0,52,"And a couple can help protect each other from getting infec- tions such as HIV, HPV, and gonorrhea that are spread by sexual contact if they use a new condom ­correctly and every time they have sex."
19.0,52,This is one way of ­practicing “safer sex.” There are other ways people
19.0,53,"When a person puts his or her mouth on a female’s vulva or on a male’s penis, this is called “oral sex” or “oral intercourse.” When a male’s penis goes inside another person’s anus, this is called “anal sex” or “anal intercourse.” Some think that when people have oral sex or anal sex, they are not having sex — and that they are abstaining from sex."
19.0,53,But having oral or anal sex are not ways of abstaining from sex.
19.0,53,They are ways of having sex.
19.0,53,A female cannot become pregnant after having oral or anal sex.
19.0,53,"But anyone — female or male — can get infections such as HIV, HPV, and gonorrhea, all of which are spread by sexual contact, by having vaginal or oral or anal sex."
19.0,53,Using a new condom or barrier correctly and every time a person has vaginal or oral or anal sex is a way of practicing safer sex.
20.0,54,"Pregnancy is the period of time before birth during which a fertilized egg plants itself inside the lining of the uterus, grows inside the uterus, and eventually develops into a baby."
20.0,54,The union of a sperm and an egg is called conception or fertilization.
20.0,54,"Scientists have discovered exactly how a pregnancy begins by observing how sperm travel, meet, and unite with an egg."
20.0,54,"Living sperm are great travelers, and it is wonderful to watch them move under a microscope."
20.0,54,You can actually see their tails move rapidly back and forth.
20.0,54,They look like tadpoles swimming and travel like a school of ﬁsh — in large groups of about ﬁve hundred million.
20.0,54,"When sperm are ejaculated in the female’s vagina during sexual intercourse, they swim up the vagina, through the cervix, into the uterus, and into the Fallopian tubes."
20.0,54,"If an egg has been released and swept into one of the Fallo­pian tubes, a sperm can unite with it and fertilize it — and the female can become pregnant."
20.0,54,Only about two hundred sperm out of the ﬁve hundred million in an ejaculation get close to the egg.
20.0,54,"Scientists have shown that a chemical in the ﬂuid around the egg actually attracts certain sperm, telling them that the egg is ready, and lets only one sperm out of those two hundred or so break into the egg cell."
20.0,54,"After that sperm enters the egg, none of the others can get in, and fertilization takes place."
20.0,54,"Once an egg cell unites with a sperm cell, it becomes a single cell — the ﬁrst cell of a baby."
20.0,54,A fertilized egg cell is called a zygote from conception and for the next several days as it travels to the uterus; an embryo during the next two months as it develops in the uterus; and a fetus throughout the rest of the pregnancy — until a baby is born.
20.0,54,"Some people call the fetus a “developing baby.” The fertilized egg cell takes about ﬁve days to travel through the Fallopian tube and into the uterus, dividing again and again."
20.0,54,"Inside the uterus, it plants itself in the uterus’s lining, where it will grow and develop into a baby."
20.0,54,"The uterus is also called “the womb.” While in the uterus, a fertil- ized egg cell continues to divide billions and billions of times to make billions and billions of new cells."
20.0,54,"Eventually, over nine months, these cells become a whole new person — a baby."
20.0,55,Each egg waits in the Fallopian tube to be fertilized by a sperm.
20.0,55,"Sperm leave the penis, swim up the vagina, through the uterus, and into a Fallopian tube, where an egg may be waiting to unite with a sperm."
20.0,55,"If one sperm enters the egg, they become one cell and pregnancy can begin."
20.0,55,Each egg waits in the Fallopian tube to be fertilized by a sperm.
20.0,55,"Sperm leave the penis, swim up the vagina, through the uterus, and into a Fallopian tube, where an egg may be waiting to unite with a sperm."
20.0,55,"If one sperm enters the egg, they become one cell and pregnancy can begin."
20.0,56,"In the uterus, a sac ﬁlled with a watery ﬂuid forms around the developing baby and protects it against pokes, bumps, and jolts."
20.0,56,"The sac is called the amniotic sac or the “bag of waters,” and the ﬂuid is called amniotic ﬂuid."
20.0,56,This ﬂuid is warm and keeps the developing baby warm as it ﬂoats.
20.0,56,A lot of kids and even some grown-ups think that the developing baby grows in the mother’s stomach.
20.0,56,It does not grow in the stomach.
20.0,56,It grows in the uterus.
20.0,56,"As the developing baby grows bigger, the uterus also grows bigger."
20.0,56,"As the embryo fastens itself to the inside of the uterus, a special organ called the placenta forms inside the uterus."
20.0,56,"During pregnancy, the placenta supplies the embryo and — later on — the fetus with oxygen from the air the mother breathes and nutrients from the food she eats."
20.0,56,"Nutrients are made up of vitamins, proteins, fats, sugars, carbohydrates, and water — all the things a fetus needs in order to grow into a healthy baby."
20.0,57,"The umbilical cord — a soft, bendable tube — connects the placenta to the fetus at the umbilicus."
20.0,57,"The word umbilicus means navel, and navel is another word for “belly button.” Oxygen and nutrients travel from the placenta to the fetus in the blood that ﬂows through the umbilical cord."
20.0,57,"The oxygen and nutrients, as well as other substances from the mother, pass from her blood into the fetus’s blood."
20.0,57,The fetus’s waste — liquids and solids that are left over from the nutrients not used by the fetus — travel back through the umbilical cord to the pla- centa and pass into the mother’s blood.
20.0,57,The fetus’s waste leaves the mother’s body along with the mother’s waste.
20.0,57,"Medicines, drugs, and alcohol can also pass into the fetus’s blood from the mother’s blood."
20.0,57,"That’s why a pregnant female should be very careful about what she eats, drinks, and puts into her body."
20.0,57,"If she needs to take a prescription drug, she should check with her doctor or nurse to make sure the drug will not hurt the fetus."
20.0,57,"If a female has abused drugs, consumed alcohol, smoked cigarettes, not eaten healthy foods, or had certain kinds of infections while pregnant, her baby could be born with or develop serious health problems."
20.0,57,It could have difﬁculty eating and breathing and growing properly.
20.0,57,"And if a pregnant mother has been addicted to drugs, her baby may be born addicted to drugs."
20.0,57,"However, if a pregnant mother takes good care of ­herself — has regular checkups with a nurse or doctor, eats healthy food, and gets enough exercise and sleep — her baby will have the best chance to be born healthy."
21.0,58,"A pregnant woman knows that her baby is ready to be born when she can feel the muscles of her uterus tighten and squeeze and then relax, over and over, many times in a row."
21.0,58,The woman’s muscles are actually beginning to push the baby out of her uterus.
21.0,58,All this tightening and squeezing and pushing is called labor.
21.0,58,Labor is another word for work.
21.0,58,"When labor starts, the pregnant woman usually goes to a hospital unless she has arranged to have the birth at home with a doctor or a midwife and a nurse."
21.0,58,A midwife — a person who has been specially trained to help a woman deliver a baby — is not a doctor but may be a nurse.
21.0,58,"Fathers, and some- times other family members and friends, can also help the mother during labor and birth."
21.0,58,Labor can be as short as an hour or longer than a whole day.
21.0,58,"After labor has started, and occasionally before, the amniotic sac — the bag of waters — breaks, and ﬂuid begins to leak out."
21.0,58,This can be another sign that the baby is ready to be born.
21.0,58,"During the birth, the baby travels out of the uterus, through the cervix, which has opened and widened during labor, and into the vagina."
21.0,58,The vagina stretches as the baby travels through it and out of the mother’s body.
21.0,58,"The vagina is often called the birth canal, because canal is another word for passageway."
21.0,58,"In most births, the baby’s head pushes out of the vagina ﬁrst."
21.0,58,Any ﬂuid in its mouth or nose is carefully taken out so the baby can breathe on its own.
21.0,58,Then the rest of its body comes out.
21.0,58,"Usually the doctor, midwife, or father gently holds the newborn baby as it comes out."
21.0,58,This is called a vaginal birth.
21.0,58,"Some babies need to be gently pulled out by tongs, called forceps."
21.0,58,This is called a forceps birth.
21.0,58,And some babies come out of the uterus and vagina feet ﬁrst.
21.0,58,This is called a breech birth.
21.0,58,Other babies are too big to travel safely through the vagina.
21.0,58,Or they are in positions that make it difﬁcult for them to travel out of the uterus and through the vagina on their own.
21.0,58,"If the baby is too big or in an awkward position, the doctor makes a side-to-side cut through the mother’s skin — after it has been made numb with a special medicine — into the mother’s uterus and lifts the baby out and cuts the umbilical cord."
21.0,58,"Then the doctor takes the placenta out and sews up the mother’s cut, which heals in a few weeks’ time."
21.0,60,"This is called a cesarean birth, or “c-section,” and is another healthy way for a baby to be born."
21.0,60,"It is believed that the term cesarean dates back to the time of Julius Caesar, the great Roman leader, general, and politician, who may have been born this way around 100 ."
21.0,60,"A forceps birth, a breech birth, and a cesarean birth are perfectly normal ways for a baby to be born."
21.0,60,"No matter which way a baby is born, right after birth it takes its ﬁrst breath and lets out its ﬁrst cry."
21.0,60,This allows its lungs to open up and begin to work on their own.
21.0,60,The moment of birth is so exciting!
21.0,60,"Even though the baby is still attached to the placenta by the umbilical cord, it does not need the placenta anymore."
21.0,60,The doctor or midwife places a clamp on the baby’s umbilical cord and then cuts the cord about an inch from the baby’s navel.
21.0,60,"Since there are no nerve endings in the umbilical cord, neither the baby nor the mother can feel the cut."
21.0,60,"A few days later, the clamped piece of umbilical cord dries out and falls off painlessly."
21.0,60,"The place where it was attached becomes a person’s navel, or belly button."
21.0,60,"After the cord has been cut, the muscles of the uterus give a few more squeezes and pushes, and the placenta and amniotic sac slide out."
21.0,60,"Because they leave the mother’s body after the baby has been born, they are called the afterbirth."
21.0,60,"As soon as possible, the newborn baby is gently dried off, wrapped in a blanket, and given to the mother or father to cuddle and hold."
21.0,60,"When parents are ﬁrst given their newborn baby to hold and can feel the baby’s skin against their skin and can feel the baby breathe, they have — more often than not — new and special feelings of love and awe."
21.0,60,"These fond and loving feelings between parents and their child often begin at birth, but they can also begin in the weeks after birth."
21.0,60,A newborn baby is usually weighed and measured and given some eye drops to prevent infection a few minutes after it is born.
21.0,60,The birth of a baby is a fascinating event.
21.0,60,"At birth, a baby can see, hear, cry, suck, grab, feel, and smell."
21.0,60,And it can eat by sucking from its mother’s breast or from a bottle.
21.0,60,A newborn baby can do an amazing number of things.
21.0,60,"If a boy baby is to be circum­cised, that is, if the foreskin of his penis is to be removed, either by a doctor"
21.0,61,It takes only a few minutes to perform a circumcision.
21.0,61,Some circumcisions are performed for religious reasons.
21.0,61,Baby boys who are born into the Jewish or Muslim faith are usually circumcised as part of a religious ceremony.
21.0,61,Other circumcisions are performed for health reasons — to make it somewhat easier to keep the tip of the penis clean by washing it with soap and water so as to prevent infections.
21.0,61,A baby boy’s or a young boy’s uncircumcised penis can also be kept clean by simply washing the penis with soap and water.
21.0,61,"When boys who have an uncircumcised penis grow older, the foreskin separates from the tip of the penis."
21.0,61,"Once that happens, an older boy’s uncir- cumcised penis can be kept clean by gently pulling back the foreskin and washing the tip with soap and water while taking a bath or shower."
21.0,61,"Some parents like the idea of having their son look like his father, and sometimes that’s how they make the decision about whether their baby boy is going to be circumcised."
21.0,61,Babies are born in many different ways.
21.0,61,"Some babies are born early, before they have spent a full nine months in the uterus."
21.0,61,This is called a pre­mature birth.
21.0,61,A baby who is born early is called a pre­mature baby or a “preemie.” A baby who is born only two or three weeks early has grown big enough to have a healthy start in life and can usually go home with its parents after one or two days in the hospital.
21.0,61,"But if a baby is born a month or more early, living outside the uterus can be hard."
21.0,61,"The baby’s lungs may not be fully developed, making it difﬁcult for the baby to breathe."
21.0,61,"The baby may not be able to suck or swallow easily, making it difﬁcult for the baby to eat."
21.0,61,And the baby may have trouble staying warm.
21.0,61,A baby who is born a month or more early usually has to stay in the hospital until he or she is healthy enough to go home.
21.0,61,"In the hospital, the baby stays in a specially equipped crib called an incubator, which keeps the baby warm and provides oxygen — just as the mother’s uterus did for the fetus — while it continues to grow."
21.0,61,"While the baby is in the incubator, the baby’s parents, the doctors, and the nurses feed and take care of the baby."
21.0,61,"When the baby has grown big enough and is close to being as healthy as a baby who has spent a full nine months growing in the uterus, and can eat well and keep warm, its parents can take their baby home."
22.0,62,"Fortunately, there are ways other than sexual intercourse to have a baby."
22.0,62,"There can be many different reasons why an egg cell and a sperm cell are not able to unite, such as a female’s ovaries not releasing an egg each month, an egg being unable to travel through the Fallopian tubes, too few sperm traveling to the egg, or the sperm being too weak to travel to the egg."
22.0,62,"However, with the help of a doctor, a female’s egg can be fertilized by a male’s sperm and a pregnancy can begin."
22.0,62,An egg can be taken out of one of the ovaries by a doctor and put into a small glass dish filled with fluid along with sperm that have been ejaculated.
22.0,62,"After the egg has been fertilized by one of the sperm in the dish, the egg is returned to the uterus, and a pregnancy can begin."
22.0,62,This method of starting a pregnancy is called in vitro fertilization.
22.0,62,In vitro are the Latin words for in a glass .
22.0,62,"When a female’s eggs cannot be fertilized, she may choose to have an egg from another female’s ovaries put into a dish with sperm so that the egg can be fertilized."
22.0,62,The fertilized egg is then put into the first female’s uterus so that a pregnancy can begin.
22.0,62,This is called egg donation.
22.0,62,"When there are not enough sperm, or not enough sperm strong enough to swim to the egg, a doctor can place the male’s ejaculated sperm in the female’s vagina or uterus with a syringe."
22.0,62,"In the uterus, the sperm have a shorter distance to swim and a better chance of uniting with an egg in one of the Fallopian tubes."
22.0,62,"Starting a pregnancy this way, by placing sperm from a male into a female’s vagina or uterus, is called artificial insem- ination — even though there is nothing artificial about the egg and sperm or the uniting of the egg and sperm."
22.0,62,"Inseminate means to put a seed in , in other words, to make pregnant ."
22.0,62,This is also called alternative insemina- tion because it is an alternative way — another way — to become pregnant.
22.0,62,"Sometimes, if a male becomes very sick, the med- ication he needs to become well may lessen the number of sperm that he is able to make."
22.0,62,"Before the male takes the medi- cation, his ejaculated sperm can be placed in a sperm bank — a medical laboratory — to be frozen and stored for up to ten or fifteen years."
22.0,62,It can be used later to conceive a baby by artificial insemination.
22.0,62,Some healthy men also donate their sperm to a sperm bank to be used at a later date to help start a pregnancy.
22.0,62,"Sometimes, if a female becomes very sick, she may have"
22.0,63,"Her eggs are then frozen and stored, and if she chooses, used later to conceive a baby by in vitro fertilization."
22.0,63,"A healthy female who wants to wait until she is older to have a baby may also have her eggs frozen to be used, if she chooses, at a later date to conceive a baby by in vitro fertilization."
22.0,63,Some women who are not able to conceive a baby may choose to have a surrogate pregnancy.
22.0,63,"One kind of surro- gate pregnancy happens when a woman has an egg removed from her uterus by a doctor, and placed with a sperm from a male, who may or may not be her husband or partner, in a small dish in a medical laboratory — where the egg and the sperm can meet and grow into an embryo."
22.0,63,"That embryo is then implanted in another woman’s uterus, where it grows into a baby."
22.0,63,This woman is called a surrogate.
22.0,63,Another kind of surrogate pregnancy happens when the egg that joins with the donated sperm is the surrogate’s egg.
22.0,63,"Legal documents are made and signed before either of these processes start, so that when that baby is born, the baby goes home with and is the child of the woman and man whose egg, or whose surrogate’s egg, and sperm first joined together to make that baby."
22.0,63,"Or the baby is the child of and goes home with the two women, or the two men, or the single woman, or the single man who has chosen to have a surrogate pregnancy as their way to have a baby."
22.0,63,"There are people who are not able to conceive a baby at all — by sexual intercourse, by in vitro fertilization, or by artificial insemination."
22.0,63,Or they do not choose to have a surro- gate pregnancy.
22.0,63,But they can start a family by adopting a baby or child.
22.0,63,Adoption means that a family will bring another family’s baby or child into their family and raise that child as their very own.
22.0,64,An adopted child becomes a member of his or her new family.
22.0,64,Many people choose to adopt children because they are not able to conceive a baby.
22.0,64,Some people who can conceive a baby also choose to adopt children.
22.0,64,"Adoption usually occurs when a parent or parents who are unable to take care of their newborn baby or child decide to have someone else care for, bring up, and love their baby or child."
22.0,64,Adoption is a legal act.
22.0,64,This means that the child’s birth parent or parents sign a paper in front of a lawyer or judge that says that they are giving their child forever to a parent or parents who want to and are able to take care of the child.
22.0,64,The new adoptive parent or parents agree to raise the child as their own.
22.0,64,They too sign the adoption paper in front of a lawyer or judge.
22.0,64,There are many ways to have a baby and create a family.
22.0,64,"But no matter how people have a child, caring for and loving one can be a wonderful and amazing experience."
23.0,65,But a person should always remember that vaginal intercourse can result in pregnancy and having a baby.
23.0,65,"A person should also remember that vaginal, oral, or anal intercourse can result in a person becoming infected with a disease, even very serious diseases."
23.0,65,Many young people choose to wait to have sexual intercourse until they feel they are either old enough or responsible enough to make healthy decisions about sex.
23.0,65,This is called “post­ponement.” Postponement means to delay until a later time .
23.0,65,But the only sure way not to have an unwanted preg- nancy is to not have vaginal intercourse.
23.0,65,The only sure way not to get infected is to not have sexual contact with another person.
23.0,65,"Not having sex is called “abstinence.” Abstinence means to abstain, to keep from doing something you want to do."
23.0,65,Post­ponement and abstinence can prevent the start of a preg- nancy and can also help prevent a person from getting or passing on infections that are spread by sexual contact.
23.0,65,These kinds of infections are called sexually transmitted diseases or sexually transmitted infections.
23.0,65,They are also called STDs or STIs for short.
23.0,65,Many people who choose to postpone or abstain from sexual
23.0,66,"Sometimes, when people choose to have vaginal inter- course, they have planned to have a baby."
23.0,66,But other people may want to wait to have a baby or may not want to have a baby at all.
23.0,66,That’s why knowing how to prevent pregnancy is important.
23.0,66,Birth control and contraception are the two names given to the many ways of preventing a pregnancy.
23.0,66,Contra is the Latin word for against .
23.0,66,"Ception is part of the word conception, which means beginning."
23.0,66,Contraception means against beginning a pregnancy.
23.0,66,"There are many kinds of birth control, and some work better than others."
23.0,66,"For most kinds, a person must learn how to use them correctly and every time he or she has sexual intercourse in order for them to work."
23.0,66,"However, no method of birth control can be guaranteed to work 100 percent of the time."
23.0,66,"If a person makes the decision to have sexual intercourse, the most useful protection against pregnancy is the correct use of birth control before or at the time of sexual intercourse."
23.0,66,It’s important to know and remember that using any type of birth control can help to prevent a pregnancy and most often it does prevent a pregnancy.
23.0,66,But using ANY type of birth control method without also using a condom does not pro- tect a couple from getting or passing on a sexually trans- mitted disease.
23.0,66,That’s why a couple must also use a condom.
23.0,66,It’s also important to know and remember that the best protection from becoming infected with a sexually transmitted disease AND from becoming pregnant is for a couple to use a condom WITH another type of birth control.
23.0,66,"Condoms can be bought at a drugstore, a convenience store, or a supermarket."
23.0,66,They are often displayed in a special section or on the counter next to the cash register — and no prescription is needed.
23.0,66,Condoms can also be bought online.
23.0,66,"A male condom is a soft, very thin cover that fits over an erect penis."
23.0,66,"When a male ejaculates, semen is kept inside the condom and sperm are not able to enter the vagina and unite with an egg."
23.0,66,Condoms are called “rubbers” because they are usually made out of a rubbery material called latex.
23.0,66,There are other types of male condoms made out of rubbery materials called polyurethane and polyisoprene.
23.0,66,"It is important to use a latex, polyurethane, or polyisoprene condom — not a lambskin condom."
23.0,66,"Viruses that are trans- mitted by sexual contact, such as HIV and hepatitis B can seep through the tiny pores in the lambskin and cause a person to become infected."
23.0,67,"A condom designed to fit inside the vagina, called the female condom, is often made out of a rubbery material called synthetic nitrile."
23.0,67,This soft pouch­ like condom is inserted into the vagina before sexual intercourse.
23.0,67,"Using a new condom during sexual intercourse, correctly and every time, can also help prevent the spread of infections — mild infections as well as life-­ threatening infections such as HIV and hepatitis B."
23.0,67,This is a way of practicing safer sex.
23.0,67,The most common infection that can be passed on is chlamydia.
23.0,67,"Although chlamydia is not life-threatening, it can cause infertility so that a female will not be able to become pregnant in the future and have a baby."
23.0,67,"It’s important to understand that any type of birth control method, when used by itself — without a condom — cannot prevent a person from getting an infection from or passing on an infection to another person."
23.0,67,"It is also important to use condoms with silicone- or water-based lubricants made especially for sex, and not made with oil."
23.0,67,Oil can damage and break a latex condom.
23.0,67,"The IUD, the implant, and Depo-Provera are the most effective kinds of birth control."
23.0,67,"The pill, the patch, and the ring are almost as effective."
23.0,67,"Other kinds of birth control can also be effective, but are not quite as effective."
23.0,67,"The IUD, Depo-Provera, the implant, birth control pills, the patch, the ring, the cervical cap, and the diaphragm are all contraceptives that a female can obtain only after talking with a trained health-care professional — a doctor, midwife, nurse practitioner, or a physician’s assistant — and obtaining a written prescription."
23.0,67,The prescribed birth control method can then be obtained at a doctor’s office or health clinic or purchased at a drugstore or from an online pharmacy.
23.0,67,"An IUD, or intrauterine device, is a small plastic device that is placed inside the uterus by a trained health-care professional and affects the way sperm move — so that sperm cannot swim to and join with an egg."
23.0,67,The implant and Depo- Provera are birth control methods that contain artificial hormones that keep the ovaries from releasing eggs.
23.0,68,It can also make the fluid around the cervix thicker — keeping a sperm from joining an egg.
23.0,68,Depo-Provera is injected in a female’s upper arm or buttocks every three months.
23.0,68,"Birth control pills, commonly called “the pill,” contain artificial hormones that keep ovaries from releasing eggs."
23.0,68,A female must remember to follow the directions for taking a pill each day for this method to work.
23.0,68,The patch and the ring contain and release artificial hormones that can keep the ovaries from releasing eggs.
23.0,68,"The patch is a thin, square patch of plastic that sticks to the skin and looks like a bandage."
23.0,68,"It is placed by a female on the skin of her upper arm, upper torso, stomach, or buttocks — but should not be placed on the breasts."
23.0,68,"Each week for three weeks, a new patch is placed on the female’s body."
23.0,68,"The fourth week, no patch is used."
23.0,68,"The next month, the same process begins again."
23.0,68,"The ring is a small, soft, flexible plastic ring a female inserts into her vagina."
23.0,69,"After that week, the female inserts a new ring."
23.0,69,The cervical cap and diaphragm are small rubbery cups that fit inside the vagina and are placed against the cervix before sexual intercourse.
23.0,69,Both can prevent sperm from entering the cervix and traveling to the Fallopian tubes.
23.0,69,And both must be used with a spermicide.
23.0,69,"Spermicide comes in different forms — foams, creams and jellies, and gels."
23.0,69,The chemical in sper- micide can kill sperm.
23.0,69,Sponges containing spermicide may also block sperm and keep them from joining an egg.
23.0,69,These kinds of contraceptives are inserted into the vagina before sexual intercourse.
23.0,69,"But they are not always able to kill, block, or catch every sperm and do not protect a person from getting or passing on an infection."
23.0,69,Spermicide should not be used if a person is having inter- course often or having anal sex.
23.0,69,"Frequent use may cause irritation, which could increase the risk of infection."
23.0,69,"Spermicide and sponges can be bought at a drugstore, a convenience store, or a supermarket."
23.0,69,"They are often displayed in a special section, and no prescription is needed."
23.0,69,They can also be bought online.
23.0,69,If there is an emergency and a woman or girl has been raped — forced to have sex against her will — there are emergency contraceptive pills that she can take to prevent the start of a pregnancy.
23.0,69,"These pills are also called “morning-after pills.” They can also be used if a condom breaks, or is not put on properly, or a patch falls off, or a woman or girl has unpro- tected sex for any reason."
23.0,69,But they should not be relied upon as a regular form of birth con- trol because there are many other kinds of methods that are more effective.
23.0,69,"Morning-after pills contain hormones that are thought to delay ovulation and prevent the ovaries from releasing any eggs, so that pregnancy cannot begin."
23.0,69,Some types of these pills must be taken within 72 hours — three days — after vaginal intercourse.
23.0,69,Other types must be taken within 120 hours — five days — after vaginal intercourse.
23.0,69,And they are more effective when taken as soon as possible after unprotected vaginal intercourse.
23.0,69,"However, any time a female has unprotected intercourse and does not want to become pregnant, she will need to take the pills again."
23.0,69,"With some brands, it is only necessary to take one pill."
23.0,69,"With other brands, it is necessary to take two pills."
23.0,69,Some brands of the morning-­ after pill can be purchased by a female or male of any age and without a prescription at a local drugstore or online.
23.0,69,There are also brands that can only be purchased with a prescription from a healthcare professional.
23.0,69,"An IUD can also be inserted as a form of emergency contra­ ception, and this must be done by a health-care professional."
23.0,69,"Some methods of birth control, such as the rhythm method or the withdrawal method, are not considered effective for preventing pregnancy or STDs."
23.0,69,"When a male and a female use the rhythm method, they try to figure out when the female’s ovary has released an egg and then abstain from having vaginal intercourse during that time."
23.0,69,"However, it is very difficult to know when an"
23.0,70,"When a couple uses the withdrawal method, the male removes his penis from the female’s vagina just before he ejaculates."
23.0,70,This method does not work very well either because some semen may leak out before ejaculation or because the male may fail to remove his penis before he ejaculates.
23.0,70,"Sometimes when people decide not to have more children, they may choose to have a simple operation called sterilization."
23.0,70,When a male has this operation — called a vasectomy — a small piece of the vas deferens is removed or tied off by a doctor.
23.0,70,"As a result, the semen that is ejaculated no longer carries any sperm."
23.0,70,When a female has this operation — called a tubal liga- tion or a tubal sterilization — a small piece of each Fallopian tube is removed or tied off or blocked by a doctor so that an egg cannot get to the uterus and sperm cannot get to an egg.
23.0,70,Some religions and groups and some individuals believe that using any method of birth control is wrong.
23.0,70,Others believe that using the rhythm method and withdrawal method is fine.
23.0,70,"However, they also believe that using over-the-counter and pre- scription birth control methods is wrong."
23.0,70,Still many others think birth control is a fine and responsible way to prevent an unwanted pregnancy or delay having a baby.
23.0,70,These people use birth control to help them plan a family.
23.0,70,"Your parent or parents, doctor or nurse, or other health- care providers are good people to talk with about birth control, post­ponement, and abstinence."
23.0,70,"If you talk with a doctor or nurse or health-care provider, your talk will be confidential."
23.0,70,Neighborhood health clinics or family planning clinics are also places to go for information.
24.0,71,Some pregnant females choose to have abortions.
24.0,71,"People’s feelings about having abortions are not always simple, however, and can range from relief to sadness, from worry to fear."
24.0,71,The word abort means to stop or to end something at an early stage.
24.0,71,"An abortion is usually performed in a clinic or a hospital by a doctor or other trained health-care professional and is a safe procedure, especially when done early in the pregnancy."
24.0,71,The pregnancy is ended by removing the embryo or fetus from the uterus.
24.0,71,"The procedure itself takes about ﬁve minutes and is usually performed during the ﬁrst three months of pregnancy, before most females even look pregnant."
24.0,71,There are pills that can end a pregnancy and are used as another method of abortion.
24.0,71,They can be taken by a pregnant female during the ﬁrst nine weeks of a pregnancy and require visits to a doctor’s ofﬁce or a clinic.
24.0,71,The pregnant female then takes a series of pills over several days.
24.0,71,The pills cause the lining of the uterus and the embryo to leave the female’s body.
24.0,71,"These are some, but not all, of the reasons why a female or a couple might want or need to end a pregnancy: • The female has an illness or inherited disease that makes the pregnancy or birth dangerous to her health and might even cause her death."
24.0,71,People have very strong feelings about whether or not a female has the right to choose to have an abortion.
24.0,71,"In some countries, abortion is a right for all women and girls; while in others, the right to abortion is only permitted in some circumstances."
24.0,71,"In 1973, the Supreme Court of the United States, which is the highest and most powerful court in the nation, ruled that a woman has the right to end an unwanted pregnancy."
24.0,71,This ruling also says that no state can limit that right until very late in the pregnancy when the fetus could survive outside the
24.0,72,"The Court said it is up to each state how much to restrict abortion at this point in a pregnancy, so long as no restriction interferes with a woman’s choice to end her pregnancy in order to preserve her own life or health."
24.0,72,The name of the 1973 Supreme Court decision is Roe versus Wade.
24.0,72,Some individuals and groups are strongly for this decision and others are strongly against it.
24.0,72,People who support the Supreme Court decision favor a woman’s right to choose for herself whether or not to have an abortion.
24.0,72,"They believe that this is a deeply private and personal choice and should therefore be made by the individual female, not by the government."
24.0,72,People who think that this decision should be changed so that abortion is no longer legal — is no longer allowed — believe that the ruling allowing a woman to choose for herself whether or not to have an abortion is wrong.
24.0,72,They believe that life begins when a baby is conceived and that an embryo or fetus has a right to life — a right to grow in a woman’s body and to be born whether or not that woman wants to have a baby.
24.0,72,The rulings and laws about a woman’s right to have an abortion have changed over the years and may continue to change.
24.0,72,"In 1992, the Supreme Court ruled to support their earlier 1973 decision guaran- teeing a woman’s right to decide whether or not to end a preg- nancy."
24.0,72,"However, the Court also ruled that any state in the nation may impose some restrictions on a woman’s right to an abor- tion at any time during a preg- nancy, but that it cannot outlaw abortion completely, or impose a substantial obstacle that can prevent a woman from getting an abortion."
24.0,72,"Then in 2000, the Supreme Court again ruled to support a woman’s right to have an abortion and made it clear that women, in consultation with their doctors, must be free to choose whatever method of abortion is safest for their health."
24.0,72,In 2007 the Court reversed course and further restricted the right to choose abortion.
24.0,72,"It ruled that state governments and the federal government can prevent women from obtaining a specific method of abortion called intact dilation and extraction, as long as other methods are available."
24.0,72,"In this Supreme Court decision, Gonzales versus Carhart, the Court upheld a federal law banning this method — even when doctors think it is medically the safest for women."
24.0,72,State governments have also made many laws that restrict and make it more difficult for a female to get an abortion.
24.0,72,"For example, some states require that before an abortion can be performed, • any female under the age of eighteen has to have the consent of one or both of her parents or a judge’s permission, depending on the laws of the state."
24.0,73,"In addition, some states have passed other laws that can also restrict abortions for females, such as, • a female cannot use medical insurance to pay for an abortion."
24.0,73,"Because laws can and do change, you might want to ask your parent, or teacher, or doctor, or nurse, or a psychologist what the laws and rulings about abortion are at this time, or what they are in your state."
24.0,73,"Sometimes, usually during the early months of pregnancy, an abortion happens by itself, without a medical procedure."
24.0,73,This is called a spontaneous abortion or a mis­carriage.
24.0,73,"When this happens, the embryo or fetus is released from the mother’s uterus without warning, often because it is not developing normally."
24.0,73,"Doctors do not always understand why mis­carriages happen, but they know that females who have mis­carriages can usually become pregnant again and give birth to healthy babies."
24.0,73,The same is true for females who have chosen to have an abortion.
25.0,74,And many kids use tablets or computers to go online to contact others and to find information.
25.0,74,"But it’s important to remember that cell phones, tablets, and computers are just machines."
25.0,74,"And while these devices can provide good, fast ways to get information or to communicate with another person by texting, instant messaging, e-mailing, or contacting a friend online, they are not a substitute for actually being with a real person in real time."
25.0,74,"In fact, in every relationship and in every friendship, being with another person is very important."
25.0,74,"It’s also very important to know and remember that any- thing and everything you put in a text, or instant message, or post online is there forever, and may not remain private if someone sends it on to or shares it with another person."
25.0,74,Chances are that you spend time online and that you already
25.0,75,"You may also go online to watch videos, play games, get homework assignments, get help with homework, or to keep in touch with other people."
25.0,75,Some of you may contact friends online by going on a social network site where friends can also communicate with one another.
25.0,75,Information you may find on the Internet can be very useful.
25.0,75,Going to websites and online encyclopedias and dictionaries can be a quick way to find information you are looking for.
25.0,75,Searching for a word or topic online can also be helpful.
25.0,75,"Older kids and teens can find lots of responsible information online — including information about bodies, puberty, sex, and sexual health."
25.0,75,Here are some ways websites can be helpful.
25.0,75,"For example, if you are curious or have questions about puberty or HIV/AIDS, you can look up these and other topics online and learn about them."
25.0,75,"If you are the only girl in your class who has not started having periods or the only boy in your class whose voice has not changed, you can go online and most likely find out that not getting your period yet or not having your voice change yet is perfectly normal."
25.0,75,Information on the Internet about sex and bodies that is specifically written for older kids and teens can also help a person make good and safe decisions about sexual health.
25.0,75,"That’s because you can find facts on the Internet about topics such as the real risks of unprotected sexual contact, including pregnancy and the very real risk of being infected by a sexually transmitted disease."
25.0,75,The Internet can also be a good place to check out if what you think you know or have heard about bodies or sex from your friends is true or not.
25.0,75,Here are some things you need to think about when you go on the Internet.
25.0,75,"There can be a lot of inap- propriate, weird, confusing, uncomfortable, creepy, scary, or even dangerous websites that you can end up on when looking for information."
25.0,75,"This can happen if you end up on a website by accident, or on purpose, that has material you were not expecting."
25.0,75,"While some of this information can feel exciting for kids and teens, it can also feel scary, upsetting, strange, gross, troubling, or puzzling."
25.0,75,"Often kids and teens have many of these feelings all at the same time, and that can also feel confusing or even disturbing."
25.0,75,Some websites are not always what they tell you they are.
25.0,75,They are not real or responsible health or medical sites.
25.0,75,"And they could contain health or medical information that is scientifically or medically wrong, or information that is not up-to-date or not always true or correct."
25.0,75,Wrong or old informa- tion can be harmful or even danger­ous.
25.0,75,It is not safe and it may not help you to stay healthy.
25.0,75,And it can cause you to make decisions about your body and sex that are not healthy decisions for you or
25.0,76,"That’s why it’s very important to check with a trusted adult — your parent, or a teacher, librarian, therapist, school counselor, doctor, nurse, or clergyperson — to make sure the website you are going to or have just gone to has accurate and up-to-date information."
25.0,76,"If you happen to end up on a website and you see anything or read anything that makes you feel uncomfortable in any way, remember that you have not done anything wrong."
25.0,76,You thought you were going to a responsible website and then you ended up somewhere else.
25.0,76,You may even find your- self on a site that has photos or videos of naked bodies or sexual acts that are created to make a person feel sexually excited.
25.0,76,Some people call these kinds of photos or videos “porn” or “pornography.” Some kids do not want to see these kinds of images at all.
25.0,76,Other kids are curious about them and may find them exciting.
25.0,76,"Even so, people think that kids should stay away from porn."
25.0,76,"In some cases, passing on some kinds of porn to others can be risky and might be considered illegal."
25.0,76,That’s one reason why it’s also important to talk with a trusted person if you end up on a porn site — no matter why you ended up on that site.
25.0,76,"Whether you happen to end up on one of these sites, or on any site, by accident or on purpose — if what you see is upsetting, scary, confusing, gross, and/or weird, or more than you ever want to see about bodies or sex, and makes you feel uncomfortable, leave that site right away."
25.0,76,And talk with a person you know and trust right away.
25.0,76,Talking with someone about what you saw and how you feel can be very helpful.
25.0,76,"Usually, but not always, the people in these photos or videos are actors, who are not having caring, loving, real relation­ships, and are not having relationships in which they treat each other with respect."
25.0,76,"What is important to know and understand is that what really matters in any relation­ship involving sex is that people treat one another in respectful, caring, and loving ways."
25.0,76,"No matter what, if you ever find yourself in an inappropriate or uncomfortable situation while you are on the Internet, always remember that you don’t need to look at or read what is online, whether you have gone there by mistake or because you thought you wanted to be there."
25.0,77,"And if you read something in a text message, an instant message, or receive an e-mail that worries you in any way, do not reply."
25.0,77,"Instead, talk with a responsible and trusted person about what you just saw or read."
25.0,77,Here are some rules to think about when you go online to talk to or meet someone through a social network site.
25.0,77,Following these rules can help you protect yourself.
25.0,77,"And whenever you set up privacy settings, it’s a good idea to check in with a parent or trusted adult to help you make sure you have set up your settings in a way that protects you."
25.0,77,This means that it is possible that people you know and even strangers could see posts you do not want them to see — posts you thought were private and wanted to keep private.
25.0,77,So be sure to check the privacy settings on any site you go on.
25.0,77,It is also extremely important to make sure that you use privacy settings to make sure that information from and about you is blocked from everyone except the people on your online “friends” list.
25.0,77,"And if someone instant- messages or e-mails you, or says that he or she is a “buddy” or “friend” but has a screen name you do not recognize, then block that screen name so that person cannot contact you again."
25.0,77,"If anyone asks you questions that you do not want to answer, do not answer them, and immediately tell a trusted adult."
25.0,77,And never give anyone your password.
25.0,77,The same rule applies if someone you don’t know instant-­messages or text-­ messages you and tries to get you to come and meet them in person.
25.0,77,Some strangers who contact you online could be grown-ups pretending to be kids as a way to get you to meet them.
25.0,77,You cannot know for sure who a stranger on the Internet really is.
25.0,77,It’s even possible that you could be physically hurt by a stranger.
25.0,77,"You need to tell a trusted adult immediately if a stranger ever contacts you online and asks to meet you in person, even if the stranger tells you to keep this a secret."
25.0,77,Finding and telling a trusted adult can help you to stay safe.
25.0,78,"Texting or posting sexual messages, photos, or videos to someone over the Internet is called “sexting,” which is a combination of two words — sex and texting."
25.0,78,"In some states, “sexting” may be considered a crime."
25.0,78,That is one more reason to be extremely careful about what you decide to send to someone via the Internet.
25.0,78,"It matters that you know that what you send may not remain private and what that could mean for you and your friends and family — especially some- thing that might be considered “sexting.” Thinking about this may help you to decide not to text, post, or send something that is private about you and/or your body or about any friend."
25.0,78,"Never text, e-mail, or post or copy videos or photos of you or your family or friends on the Internet that you would not want your parent or teacher or principal to see."
25.0,78,"Never text, e-mail, or post or copy a video or photo of yourself, or any part of your body, even if you think sending a picture of your belly button or a picture of you in boxer shorts or in polka-dot underpants is funny."
25.0,78,"Someone can send this video or photo to all of your classmates, even to other schools and all around the world."
25.0,78,"If just one person sends it on, it can go anywhere on the Internet, to anyone else’s cell phone, tablet, computer — to other kids, to your parent, or even to your teacher or the principal of your school, and even to strangers."
25.0,78,"The same thing is true with words you may text, e-mail, or post via the Internet."
25.0,78,Behave as carefully online as you would in everyday contact with another person.
25.0,78,"Before you say some- thing mean about someone or get angry with someone in a text message, post, or e-mail, think twice before sending those strong words."
25.0,78,"Once your words are on the Internet, they are there forever, and you cannot get those words back."
25.0,78,Others whom you do not want to see those words may end up seeing them.
25.0,78,There is no way to guarantee that what you have sent will remain private.
25.0,78,"If you say online that someone is fat or skinny or sexy or ugly or beautiful or handsome, what you have"
25.0,79,"Saying something mean, or bullying someone, or spreading any kind of gossip, even sexy gossip, about another person, can make that person feel really crummy and can hurt that person’s feelings."
25.0,79,"When someone does this online by texting, posting, or e-mailing, it is called cyber-bullying ."
25.0,79,To bully means to mistreat another person .
25.0,79,Cyber-bullying means mistreating another person online .
25.0,79,Many parents and schools have rules about using cell phones and the Internet.
25.0,79,Many schools have forms to sign to make sure you follow their rules when on the Internet or on a cell phone.
25.0,79,These rules and forms are not about keeping you from finding information online or from being in touch with friends.
25.0,79,"Parents and teachers have these rules and forms to keep you safe — whenever you use a cell phone, tablet, or computer."
25.0,79,"You may wonder, safe from what?"
25.0,79,"Parents, teachers, and librarians are afraid that you will end up on a website that might upset or possibly harm you, and they want to stop either of those things from hap- pening to you."
25.0,79,These rules can help keep you safe whenever you are online or on your cell phone.
25.0,79,"And they can help make sure that any private informa- tion about you stays private, so that strangers cannot contact you or meet you."
25.0,79,Every family and school may feel differently about cell phones and the Internet and may have different rules.
25.0,79,"It’s important to talk with your family about their rules and to also find out what the rules are in your school, so that you do stay safe."
25.0,79,Finding healthy information and staying safe on the Internet is something most everyone can do.
25.0,79,"But if you need help or come across information that’s upset- ting, or if someone online whom you don’t know tries to meet you in person — make sure you go and talk to an adult you trust."
25.0,79,That adult can help you to stay both healthy and safe.
25.0,79,Going online can be useful and interesting because of the many wonderful and responsible websites that can help you find the information you are looking for — or new or different infor- mation that you may find by chance.
25.0,79,The information you find on responsible websites can turn out to be helpful to you by answering questions or addressing concerns you may have about sexual health.
25.0,79,It can also help you think about yourself and your friends in new and caring ways as you are growing up and going through puberty and adolescence.
26.0,80,This kind of behavior is called sexual abuse.
26.0,80,Sexual abuse is a subject that kids and adults find very hard and painful to think about and talk about.
26.0,80,People often hear a lot of wrong and confusing things about it.
26.0,80,"Though most kids have probably heard the words sexual abuse, that doesn’t mean they know exactly what those words mean."
26.0,80,Sexual means having something to do with sex .
26.0,80,"Abuse means to treat wrongly, to mistreat."
26.0,80,Sexual abuse happens when someone mistreats a person in a sexual way.
26.0,80,Sometimes it happens when someone who is more powerful than another person or when someone who is older than another person takes advantage of that person in a sexual way.
26.0,80,It is wrong for anyone to take advantage of another person just because he or she is older or more powerful.
26.0,80,Most of us — kids and grown-ups — are taught rules as we are growing up about treating others with respect.
26.0,80,Sexual abuse happens when someone breaks the rules that have to do with another person’s body.
26.0,80,When someone talks about or makes unwanted or inappropriate sexual comments to another person about that person’s body — that’s one kind of sexual abuse.
26.0,80,"Sexual abuse also happens when someone touches or does something to the private parts — the sexual parts — of another person’s body that that person does not want him or her to do, or when someone makes another person do something to his or her private parts that the person does not want to do."
26.0,80,"This someone can be someone the person knows, someone the person loves, or a stranger."
26.0,80,"The truth is that it is most likely, but not always, someone the person knows."
26.0,80,Sexual abuse can happen between kids and adults — even between a parent and a child.
26.0,80,It can also happen between one kid and another kid and between brothers and sisters.
26.0,80,It can happen to both boys and girls.
26.0,80,"The usual and normal daily hugging, kissing, touching, and holding hands that go on among family members and"
26.0,81,A doctor’s or nurse’s physical examination of a person’s body is not sexual abuse either.
26.0,81,Everyone needs to have regular medical checkups to stay healthy.
26.0,81,Sexual abuse can feel painful or even hurt a lot.
26.0,81,But not all sexual abuse hurts.
26.0,81,"In fact, a person can be abused in a way that can feel loving and gentle."
26.0,81,"When this happens, a person can feel very confused, because it’s almost impossible to under- stand how something so wrong can feel gentle or loving."
26.0,81,"In any sexual touching or sexual relationship, every male and female — even if one person is stronger or older or more powerful than the other person — has the responsibility to have a caring, thoughtful, and respectful relationship with the other person."
26.0,81,"Boys need to respect girls and girls need to respect boys by not coercing — which means forcing — the other person to engage in any type of sexual relationship, even when one’s sexual feelings are very strong."
26.0,81,"Whether sexual abuse hurts or feels gentle or even loving, it is always wrong."
26.0,81,"People, especially grown-ups, know it is wrong."
26.0,81,It is not your fault if it happens to you.
26.0,81,"Even if kids do not know the rules, grown-ups do or should know the rules."
26.0,81,It is important always to remember that your body belongs to you.
26.0,81,It’s also important to know there are lots of people around who do care about kids and want to keep them safe.
26.0,81,"If anyone tries to do some- thing to your body that you don’t want them to do or don’t think they should do, say, “NO!” or “STOP!” or “DON’T!” to the person who is abusing you."
26.0,81,Some of you may have heard the word harass .
26.0,81,Harass means to annoy or bother .
26.0,81,"If anyone harasses or bothers you by talking about sex, by using rude or dirty words about sex when you don’t want them to, or by talking about your body in a way that you don’t like — tell that person to STOP!"
26.0,81,"Even though that person is not actually touching your body, talking about sex or your body in this way can be a kind of sexual abuse."
26.0,81,"Sometimes a person will try to tempt another person to engage in sex by flirting or telling a person how pretty or handsome she or he is, or by dressing in a sexy manner."
26.0,81,This can feel very confusing because there are times that these kinds of behaviors are fine and normal.
26.0,81,But sometimes they are not fine or normal at all and can even include offering a person alcohol
26.0,82,These kinds of behaviors are WRONG and inappro- priate and they can happen to both boys and girls.
26.0,82,If this ever happens — tell that person to STOP!
26.0,82,"And then go and tell a trusted adult as soon as you can what has happened, so that adult can help to make this stop."
26.0,82,This too is a type of abuse.
26.0,82,There are some secrets with a trusted friend that are OK to keep.
26.0,82,But don’t keep sexual abuse a secret if it happens to you or to a friend — even if someone tells you to keep it a secret.
26.0,82,Tell another person you know and trust — right away!
26.0,82,"If the first person you tell doesn’t listen to you, tell a second person."
26.0,82,Talk about it until you find someone who understands you and believes you.
26.0,82,That person will help you.
26.0,82,"Always remember, if some­ one abuses you, it is NEVER your fault!"
26.0,82,You also should never abuse anyone in any way.
26.0,82,It’s not fair.
26.0,82,It’s not your right.
26.0,82,"When someone says no to you, you must believe that person and honor that person’s wishes."
26.0,82,"Most people don’t like to talk about sexual abuse, but now more people are talking about it."
26.0,82,A kid can talk about it with a parent or a friend or a teacher.
26.0,82,"Very often it helps to talk with a therapist, a school counselor, a doctor, a nurse, or a clergy member — people spe- cially trained to help."
26.0,82,"When a person who has been sexually abused can talk about it with someone he or she trusts, he or she may eventually feel better about what has happened."
27.0,83,But sometimes sexual activities can be unhealthy.
27.0,83,"Sexually transmitted diseases — called STDs for short — are diseases, infections, or illnesses that can spread from one person to another through sexual contact, from sexual touching to any kind of sexual intercourse — vaginal, oral, or anal intercourse."
27.0,83,Another term for STDs is STIs — short for sexually transmitted infections .
27.0,83,An older term for STDs is VDs — short for venereal diseases .
27.0,83,"Infections and diseases such as colds and flus are caused by germs, which are so tiny they can be seen only by looking under a microscope."
27.0,83,Not all germs cause sickness.
27.0,83,"But some germs, including some viruses and bacteria, do."
27.0,83,"Germs can be passed from one person to another by all sorts of con- tact — such as sneezing, shaking hands, and using the same glass, plate, or silverware."
27.0,83,STDs are different from most other infections — different from colds or the flu — because they are spread by sexual con- tact.
27.0,83,Most people do not like to talk about STDs.
27.0,83,There are many STDs.
27.0,83,Some are not very serious.
27.0,83,Others can be extremely serious; they can cause people not to be able to conceive a baby; they can even cause death.
27.0,83,But many can be cured.
27.0,83,And there are medicines and treatments that can make a person feel better if he or she has one of the STDs that cannot be cured.
27.0,83,Germs are not the only way a person can get an STD.
27.0,83,"A few STDs, such as pubic lice and scabies, are caused by tiny bugs."
27.0,83,Pubic lice are a fairly common STD.
27.0,83,You may have heard people call lice “crabs.” That’s because lice are tiny six-legged bugs that look like crabs.
27.0,83,"Pubic lice like to live in warm, hairy spots, like the pubic area, and are passed on through sexual contact."
27.0,83,"Pubic lice can be easily cured by putting a medicine, which kills the lice, on the pubic area."
27.0,83,"These lice are different from common head lice, because head lice are not transmitted from one person to another by sexual contact."
27.0,83,Head lice are not an STD.
27.0,83,"Scabies can be, but is not always, an STD."
27.0,83,"It is caused by tiny bugs called mites that can cause severe itching in the areas around a person’s genitals, as well as other parts of the body, except the neck and head."
27.0,83,Scabies can be treated by putting medicine on the infected area.
27.0,83,"Sexual contact is not the only way a person can get lice or scabies; contact with an infected person’s sheets, towels, or clothing can also pass them on."
27.0,83,"Chlamydia, gonorrhea, and syphilis are three STDs that are caused by bacteria."
27.0,83,They can usually be cured by going to a
27.0,84,"However, if these STDs are not treated, a person can become very sick and lose his or her sight or the ability to have children."
27.0,84,A mother who has one of these STDs can pass it on and cause damage to her newborn baby.
27.0,84,Often a person who has chlamydia or gonorrhea does not know he or she is infected.
27.0,84,But there are medical tests that can be given to determine if a person has one of these infections.
27.0,84,Females can and should be tested for chlamydia from the first time they have sexual intercourse and every year up to through the age of twenty-­six.
27.0,84,"Syphilis is an extremely dangerous STD, and if not treated can result in death."
27.0,84,"If a test shows that a person has chlamydia, gonorrhea, or syphilis, that person and their partner should start medical treatment by a doctor or nurse as soon as possible."
27.0,84,Hepatitis is caused by a virus that infects a person’s liver.
27.0,84,There are many different kinds of hepatitis.
27.0,84,Medical tests can determine if a person has hepatitis.
27.0,84,Hepatitis B is an STD that is very contagious.
27.0,84,It can be passed on during sexual intercourse and by using unclean needles and syringes.
27.0,84,People who take drugs by using or sharing unclean needles and syringes run a big risk of getting this STD.
27.0,84,"If you have your ears pierced or get a tattoo, you must make sure that brand-new, germ-free needle is used."
27.0,84,"There is no cure for hepatitis B, but there is a vaccine that can keep a person from getting the virus."
27.0,84,A pregnant woman can pass the virus on to her new baby during birth.
27.0,84,"All new babies, and any person under age eighteen who has not been vaccinated, should be vaccinated to keep them from getting hepatitis B."
27.0,84,"Most people who get this virus get well, but it can result in cancer or death."
27.0,84,Hepatitis C can also be spread by sexual contact and passed on by the use of unclean needles and syringes.
27.0,84,"There is not yet a vaccine for hepatitis C. However, there are treatments a person can take, including pills, which can make it possible for someone who has hepatitis C to be cured."
27.0,84,"HPV infection, an STD caused by a virus called human papillomavirus, is very contagious and can cause cervical cancer and genital warts."
27.0,84,A vaccination — a series of three injections — can be given by a health-care professional to females and males between the ages of nine and twenty-­six — who ideally are not yet sexually active.
27.0,84,This vaccine prevents females and males from getting or passing on HPV and prevents females from getting cervical cancer.
27.0,84,The vaccine works best before a person has any kind of sexual contact.
27.0,84,In some cases HPV goes away on its own.
27.0,84,Some females and males can feel genital warts — bumps or growths — on or around their genitals or anus.
27.0,84,They may also feel itching.
27.0,84,Most do not feel either and do not know they have genital warts.
27.0,84,That’s why it’s important to have regular checkups.
27.0,84,A Pap smear test can determine if a female has HPV on her cervix.
27.0,84,A medicine can be applied on the cervix to remove the warts or they can be removed by a doctor.
27.0,84,Herpes simplex virus causes
27.0,85,This virus is passed on from one person to another by skin-to-skin contact and is extremely contagious.
27.0,85,Herpes simplex virus can also be spread by saliva.
27.0,85,"Herpes 1 causes blister- like sores to form on or near a person’s lips, mouth, nose, and eyes."
27.0,85,"Herpes 2, or genital herpes, causes blisterlike sores to form on or near a person’s genitals and anus."
27.0,85,Often people do not know that they have herpes.
27.0,85,There are medical tests that can determine if a person has herpes.
27.0,85,"No cure has been found for the herpes simplex virus, but both types can be treated by a doctor with medicine that can make the sores go away and make the infected area feel better."
27.0,85,"However, the sores can come back."
27.0,85,A pregnant woman can pass the virus to her baby during birth.
27.0,85,It is mostly adults and teenagers who get STDs.
27.0,85,"If a person has sexual contact, using a new condom correctly and every time can help protect him or her from getting or passing on some of these infections."
27.0,85,This is one way of practicing safer sex.
27.0,85,Unprotected sex is extremely risky.
27.0,85,Condoms are the only contraception that can help to protect one from getting an STD or passing on an STD to another person.
27.0,85,Abstinence is the surest way to protect one- self from getting infected by a sexually transmitted disease.
27.0,85,Not all infections are caused by sexual contact.
27.0,85,"But if a person feels discomfort or pain on or near any of the sexual parts of his or her body, it is important to tell his or her parent, or the school nurse, or another trusted adult, so that a health checkup can be arranged."
27.0,85,"If a person has a sexually trans- mitted disease, getting prompt medical care may make that person feel better."
27.0,85,"It may also save his or her life, as well as stop the spread of the infection to another person."
28.0,86,IV infection is a sexually transmitted disease and is the most dangerous of all STDs.
28.0,86,HIV is the germ — the virus — that causes AIDS.
28.0,86,"If a person is infected with another STD, that person has a high risk of becoming infected with HIV as well."
28.0,86,"The letters HIV stand for human immuno­ deficiency virus — the scientific term for the AIDS virus, HIV."
28.0,86,Virus means a type of germ — too small to see without a microscope — that can cause a person to become sick.
28.0,86,The letters AIDS stand for acquired immuno­ deficiency syndrome — the scientific term for AIDS.
28.0,86,Acquired means something you can get .
28.0,86,Immunodeficiency means not able to protect against or fight infections and cancer.
28.0,86,Syndrome means a group of symptoms or conditions that may accompany an illness or a disease.
28.0,86,"What HIV and AIDS mean is that when people who are infected with HIV develop AIDS and become sick, their bodies are no longer able to protect against or fight infections and cancer."
28.0,86,Scientists and doctors know that most people who are infected with HIV and do not receive treatment will eventually develop the symptoms or con- ditions of AIDS.
28.0,86,"These include coughing, fevers, weight loss, swollen glands, diarrhea, and being unable to think or see clearly."
28.0,86,"A person who has HIV infection may not get sick for a long time, as long as ten years or more."
28.0,86,"However, most people who develop AIDS and do not receive anti-HIV drugs eventu- ally die from one or more of its symptoms or conditions."
28.0,86,"At this time, there is no cure for AIDS."
28.0,86,But there are some medicines that can slow down the virus and keep it from spreading in the body for many years.
28.0,86,These drugs are helping some HIV-infected people to feel healthier and live long lives.
28.0,86,"Any person can get HIV infection — young or old, male or female, rich or poor, straight, gay, lesbian, bi­sexual, or trans­ gender, famous or not famous, weak or strong."
28.0,86,Any person of any race or any religion can get infected with HIV and can develop AIDS.
28.0,86,HIV infection has nothing to do with who you are; it can have a lot to do with what you do.
28.0,86,A blood test that doctors and nurses perform shows whether a person has been infected with HIV.
28.0,86,"If a person has the virus, he or she could remain healthy and lead a good and productive life for many years."
28.0,86,"Without the blood test, it is not easy to know if the virus is in a person’s body."
28.0,86,The term HIV positive means that a person has HIV infection in his or her body.
28.0,86,But scientists and doctors have learned a lot about HIV and have discovered ways a person cannot get HIV infec- tion — and ways a person can get HIV infection.
28.0,87,That means you cannot get HIV from a cough or a sneeze.
28.0,87,That means you cannot get HIV just by going to school with someone who has HIV.
28.0,88,These body fluids carry HIV.
28.0,88,That means you can get HIV from having sexual intercourse with a person who is infected with the virus even if that person appears to be healthy.
28.0,88,"If a person chooses to have sex, using a new condom every time a person has sex can help protect him or her from getting HIV."
28.0,88,Unprotected sex is extremely risky.
28.0,88,That means you can get the virus if the blood from a person infected with HIV enters your bloodstream — or if blood that has HIV in it is injected into your body.
28.0,88,"However, all blood donated for kids, babies, and adults who need blood in a hospital or at home is tested to make sure it does not have HIV in it before it is given to them."
28.0,88,People who take drugs by using unclean needles and syringes or sharing needles run a big risk of getting HIV.
28.0,88,"But every time you get a shot from your doctor or nurse to keep you healthy, a brand-new, disposable, clean, germ-free, sterile needle and syringe are used and then thrown away in a safe place."
28.0,88,"You cannot get HIV from brand-new, germ-free needles and syringes."
28.0,88,"If you have your ears pierced or get a tattoo, you must make sure that the needle used is brand-new, germ-free, and disposable."
28.0,88,That is why some babies are born with HIV.
28.0,88,But a pregnant female can take medicine that can keep her baby from being born with HIV.
28.0,88,"Instead a baby can drink a special drink from a bottle, called formula, which has some milk, vitamins, salt, and sugar in it."
28.0,88,"Luckily, scientists and doctors have discovered ways in which people can protect themselves from getting HIV and lessen their chances of developing AIDS."
28.0,88,One way is to abstain from having sexual intercourse with another person.
28.0,88,This is called abstinence and is the
28.0,89,"If a person chooses to have sexual intercourse, using a male condom can lessen his or her chance of getting HIV infec- tion."
28.0,89,You may have heard the term “safer sex.” Using a new condom correctly and every time is one way people are practicing safer sex.
28.0,89,Not sharing needles is another way to avoid the chance of getting HIV infection.
28.0,89,Scientists all over the world are working day and night in laboratories to try to make a vaccine that will prevent a person from being infected with HIV if he or she comes into contact with the virus.
28.0,89,"Just as there are vaccines to protect people from being infected with measles, mumps, or polio, an HIV vaccine could prevent a person from being infected with HIV and developing AIDS."
28.0,89,"Scientists are also working on making pills, shots, or other treatments that they hope will help people who already have the AIDS virus to lead longer and healthier lives."
28.0,89,They hope that such treatments will either keep the virus quiet so that it will not be able to harm a person or will eliminate the virus from a person’s body entirely.
28.0,89,"Sometimes, these treat- ments for HIV can make the infected person feel sick."
28.0,89,That’s why scientists are also working to develop medicines and treat- ments for HIV that can help make an infected person feel less tired or less uncomfortable.
28.0,89,"But even without a vaccine or treatment, people can help protect themselves from getting HIV infection by knowing how the virus is passed from one person to another."
28.0,89,Many people who are HIV positive or who have developed AIDS are able to go to work or school and carry on with most
29.0,90,"And yet people, both kids and adults, who are HIV pos- itive or who have developed AIDS have been discriminated against."
29.0,90,"Some children, along with their families, have been forced to move — only because they are HIV positive or have developed AIDS."
29.0,90,Having HIV infection as well as developing AIDS is sad and painful in many ways.
29.0,90,"So, if you know someone who is HIV positive or has developed AIDS, treat that person kindly."
29.0,90,"Shake hands, say hello, give a hug, talk with that person, laugh and even cry with that person, and work and play with that person — all these things are safe to do — and treat that person as you would treat any good friend."
29.0,90,"Eating healthy foods, exer- cising almost daily, keeping your body clean, wearing clean clothes, staying away from drugs and alcohol, and having regular medical checkups — all of these things can help you be healthy and stay healthy as you go through puberty."
29.0,90,But there’s more to staying healthy than just taking good care of your body.
29.0,90,It also means taking responsibility for your own actions — for yourself and for what you do.
29.0,90,"It means making healthy choices for yourself, including choices about your body and about sex."
29.0,90,And it means having respect for yourself and your own decisions.
29.0,91,Staying healthy also involves having healthy relationships with other people.
29.0,91,"That means not only taking good care of yourself, but taking good care of your friends — both boys and girls."
29.0,91,"Having a good friend or friends as you grow up can help you learn how to have healthy relationships with other people that involve sharing, caring, and respect for others as well as for yourself."
29.0,91,"As you go through life, friendship is a big part of every healthy relationship, whether two people like, love, or like and love each other, whether they choose to be friends, to date, to be partners, or to marry."
29.0,91,"Yet puberty is a time when friends, even good friends, often try to persuade or pressure each other to try out new things."
29.0,91,"Some of these things, which may involve sex, alcohol, or drugs, may be things you do not want to do, or are not ready to do, or are afraid to do, or feel are not safe to do."
29.0,91,That’s when it’s important to make the decision that is best for you — one that is safe and healthy for you.
29.0,91,"Everyone makes mistakes and has bad judgment once in a while, and you probably will too."
29.0,91,"But most of the time, you can and will make responsible choices — ones that are good for you, right for you, and healthy for you and your friends."
